2025-07-09 13:22:04|TOOL_CALLING|gpt-4o-mini|0|How will the weather be in munich today? Do you still have seats outdoor available?|It's 10 degrees Celsius and cold.Yes, we still have seats available outdoors.|[{'name': 'get_weather', 'args': {'location': 'Munich'}, 'id': 'call_g47ofWwfGf12VpnpfhSeE4Jh', 'type': 'tool_call'}, {'name': 'check_seating_availability', 'args': {'location': 'Munich', 'seating_type': 'outdoor'}, 'id': 'call_6vvTvju6d3GJgissS3TZXtyT', 'type': 'tool_call'}]|

2025-07-09 13:23:30|TOOL_CALLING|gpt-4o-mini|0|How will the weather be in munich today? Do you still have seats outdoor available?|It's 10 degrees Celsius and cold.Yes, we still have seats available outdoors.|[{'name': 'get_weather', 'args': {'location': 'Munich'}, 'id': 'call_2qKAkypJunPID6V9wRSAbxwk', 'type': 'tool_call'}, {'name': 'check_seating_availability', 'args': {'location': 'Munich', 'seating_type': 'outdoor'}, 'id': 'call_zklkKMQI2XxwqDqykxyZ7WHN', 'type': 'tool_call'}]|

2025-07-09 16:03:29|TOOL_CALLING|gpt-4o-mini|0|How will the weather be in munich today? Do you still have seats outdoor available?|It's 10 degrees Celsius and cold.Yes, we still have seats available outdoors.|[{'name': 'get_weather', 'args': {'location': 'Munich'}, 'id': 'call_NzXlIZsXAGSwXtlAOXG4fbLC', 'type': 'tool_call'}, {'name': 'check_seating_availability', 'args': {'location': 'Munich', 'seating_type': 'outdoor'}, 'id': 'call_D471QVd52QR9vPqv9ZolToym', 'type': 'tool_call'}]|

2025-07-09 16:05:33|TOOL_CALLING|gpt-4o-mini|0|What is 32 centigrade in fahrenheit?|Sorry, I am unable to calculate the temperature.|[{'name': 'get_weather', 'args': {'location': 'Munich'}, 'id': 'call_krE0MAbTQQKFnW0MNfTr3zD4', 'type': 'tool_call'}, {'name': 'check_seating_availability', 'args': {'location': 'Munich', 'seating_type': 'outdoor'}, 'id': 'call_zVEegBUWlKMYTjRuq27VCBbn', 'type': 'tool_call'}]|

2025-07-09 16:06:56|TOOL_CALLING|gpt-4o-mini|0|What is 32 centigrade in fahrenheit?|89.6||

