2025-07-25-17-47-45|ARTICLE_WRITER|EXPANDER|gpt-4o-mini|0|Construire votre premier agent IA : un guide étape par étape|3.80|{'content': "Construire votre premier agent IA : un guide étape par étape\n\nCréer un agent d'intelligence artificielle peut sembler intimidant au début, mais avec une approche méthodique, cela devient un projet passionnant et enrichissant. Dans ce guide étape par étape, nous allons explorer les principes fondamentaux de la conception et du développement d'un agent IA. Tout d'abord, il est crucial de définir clairement l'objectif de votre agent. Que souhaitez-vous qu'il accomplisse ? Ensuite, choisissez un langage de programmation adapté, comme Python, qui offre de nombreuses bibliothèques pour faciliter le développement. Après cela, familiarisez-vous avec des concepts clés tels que l'apprentissage automatique et le traitement du langage naturel. Enfin, testez et améliorez votre agent en fonction des retours d'expérience. Avec de la patience et de la pratique, vous serez en mesure de créer un agent IA performant et utile.", 'additional_kwargs': {'refusal': None}, 'response_metadata': {'token_usage': {'completion_tokens': 182, 'prompt_tokens': 60, 'total_tokens': 242, 'completion_tokens_details': {'accepted_prediction_tokens': 0, 'audio_tokens': 0, 'reasoning_tokens': 0, 'rejected_prediction_tokens': 0}, 'prompt_tokens_details': {'audio_tokens': 0, 'cached_tokens': 0}}, 'model_name': 'gpt-4o-mini-2024-07-18', 'system_fingerprint': 'fp_34a54ae93c', 'id': 'chatcmpl-BxFs68P57M9afRZOFL4O2fhXhxJuY', 'service_tier': 'default', 'finish_reason': 'stop', 'logprobs': None}, 'type': 'ai', 'name': None, 'id': 'run--7c7828fc-1b26-4451-9b6c-76b7f62cb6bb-0', 'example': False, 'tool_calls': [], 'invalid_tool_calls': [], 'usage_metadata': {'input_tokens': 60, 'output_tokens': 182, 'total_tokens': 242, 'input_token_details': {'audio': 0, 'cache_read': 0}, 'output_token_details': {'audio': 0, 'reasoning': 0}}}
2025-07-25-17-47-54|ARTICLE_WRITER|EXPANDER|gpt-4o-mini|0|Pourquoi les agents d'IA remplaceront les logiciels traditionnels|3.65|{'content': "Les agents d'intelligence artificielle (IA) sont en train de révolutionner notre façon d'interagir avec la technologie, surpassant les logiciels traditionnels dans de nombreux domaines. Contrairement aux programmes classiques qui suivent des instructions rigides, les agents d'IA sont capables d'apprendre, de s'adapter et d'évoluer en fonction des données qu'ils rencontrent. Cela leur permet de fournir des solutions plus personnalisées et efficaces. De plus, les agents d'IA peuvent traiter des volumes de données massifs en temps réel, offrant ainsi des analyses précises et des recommandations instantanées. En conséquence, ils optimisent les processus, améliorent la productivité et transforment l'expérience utilisateur, rendant les logiciels traditionnels obsolètes.", 'additional_kwargs': {'refusal': None}, 'response_metadata': {'token_usage': {'completion_tokens': 155, 'prompt_tokens': 60, 'total_tokens': 215, 'completion_tokens_details': {'accepted_prediction_tokens': 0, 'audio_tokens': 0, 'reasoning_tokens': 0, 'rejected_prediction_tokens': 0}, 'prompt_tokens_details': {'audio_tokens': 0, 'cached_tokens': 0}}, 'model_name': 'gpt-4o-mini-2024-07-18', 'system_fingerprint': 'fp_34a54ae93c', 'id': 'chatcmpl-BxFsFMEEkUYy04KmYeOFGmr6gAF85', 'service_tier': 'default', 'finish_reason': 'stop', 'logprobs': None}, 'type': 'ai', 'name': None, 'id': 'run--8c941618-8d66-43b5-a019-7e39f7d6006e-0', 'example': False, 'tool_calls': [], 'invalid_tool_calls': [], 'usage_metadata': {'input_tokens': 60, 'output_tokens': 155, 'total_tokens': 215, 'input_token_details': {'audio': 0, 'cache_read': 0}, 'output_token_details': {'audio': 0, 'reasoning': 0}}}
2025-07-25-17-48-06|ARTICLE_WRITER|EXPANDER|gpt-4o-mini|0|L'éthique de la prise de décision autonome par l'IA|3.11|{'content': "L'éthique de la prise de décision autonome par l'IA est un sujet de plus en plus pertinent à mesure que la technologie progresse. Alors que les systèmes d'intelligence artificielle deviennent capables de prendre des décisions sans intervention humaine, il est essentiel d'examiner les implications morales et éthiques de ces actions. Les questions se posent quant à la responsabilité en cas d'erreur, à la transparence des algorithmes et à la protection des données personnelles. De plus, il est crucial de s'assurer que ces systèmes ne reproduisent pas des biais existants, mais plutôt qu'ils favorisent l'équité et l'inclusivité. Ainsi, une régulation appropriée et une réflexion éthique approfondie sont nécessaires pour guider le développement de l'IA autonome.", 'additional_kwargs': {'refusal': None}, 'response_metadata': {'token_usage': {'completion_tokens': 160, 'prompt_tokens': 61, 'total_tokens': 221, 'completion_tokens_details': {'accepted_prediction_tokens': 0, 'audio_tokens': 0, 'reasoning_tokens': 0, 'rejected_prediction_tokens': 0}, 'prompt_tokens_details': {'audio_tokens': 0, 'cached_tokens': 0}}, 'model_name': 'gpt-4o-mini-2024-07-18', 'system_fingerprint': 'fp_34a54ae93c', 'id': 'chatcmpl-BxFsRqI8iEJ00zt1OEc0vpZhuDWjN', 'service_tier': 'default', 'finish_reason': 'stop', 'logprobs': None}, 'type': 'ai', 'name': None, 'id': 'run--1ce5ff64-ab0d-4021-8334-2f1b6770a9d8-0', 'example': False, 'tool_calls': [], 'invalid_tool_calls': [], 'usage_metadata': {'input_tokens': 61, 'output_tokens': 160, 'total_tokens': 221, 'input_token_details': {'audio': 0, 'cache_read': 0}, 'output_token_details': {'audio': 0, 'reasoning': 0}}}
2025-07-25-17-48-15|ARTICLE_WRITER|EXPANDER|gpt-4o-mini|0|Systèmes Multi-Agents : Quand les Agents IA Travaillent Ensemble|2.61|{'content': "Les systèmes multi-agents représentent une avancée fascinante dans le domaine de l'intelligence artificielle, où plusieurs agents autonomes interagissent pour atteindre des objectifs communs ou résoudre des problèmes complexes. Chaque agent possède des compétences spécifiques et peut prendre des décisions indépendantes tout en collaborant avec d'autres agents. Cette approche est particulièrement utile dans des domaines variés tels que la robotique, la gestion des ressources, et même les jeux vidéo. En permettant aux agents de partager des informations et d'apprendre les uns des autres, les systèmes multi-agents peuvent améliorer l'efficacité et la flexibilité des solutions. L'avenir de cette technologie promet d'ouvrir de nouvelles avenues pour la recherche et l'application pratique.", 'additional_kwargs': {'refusal': None}, 'response_metadata': {'token_usage': {'completion_tokens': 144, 'prompt_tokens': 63, 'total_tokens': 207, 'completion_tokens_details': {'accepted_prediction_tokens': 0, 'audio_tokens': 0, 'reasoning_tokens': 0, 'rejected_prediction_tokens': 0}, 'prompt_tokens_details': {'audio_tokens': 0, 'cached_tokens': 0}}, 'model_name': 'gpt-4o-mini-2024-07-18', 'system_fingerprint': 'fp_34a54ae93c', 'id': 'chatcmpl-BxFsaCGzfwe9iqAapP097USv5t41I', 'service_tier': 'default', 'finish_reason': 'stop', 'logprobs': None}, 'type': 'ai', 'name': None, 'id': 'run--33f3061a-cfa2-4ec5-b732-f447e4c9af9e-0', 'example': False, 'tool_calls': [], 'invalid_tool_calls': [], 'usage_metadata': {'input_tokens': 63, 'output_tokens': 144, 'total_tokens': 207, 'input_token_details': {'audio': 0, 'cache_read': 0}, 'output_token_details': {'audio': 0, 'reasoning': 0}}}
2025-07-25-17-48-25|ARTICLE_WRITER|EXPANDER|gpt-4o-mini|0|Des chatbots aux agents IA : L'évolution de l'IA conversationnelle|3.95|{'content': "Des chatbots aux agents IA : L'évolution de l'IA conversationnelle\n\nL'intelligence artificielle conversationnelle a connu une transformation remarquable au fil des ans, passant des simples chatbots aux agents IA sophistiqués que nous connaissons aujourd'hui. À l'origine, les chatbots étaient basés sur des règles prédéfinies, limitant leur capacité à comprendre et à répondre de manière contextuelle. Cependant, avec l'avènement des technologies de traitement du langage naturel et de l'apprentissage automatique, ces agents ont évolué pour devenir plus interactifs et intuitifs. Aujourd'hui, les agents IA peuvent engager des conversations complexes, apprendre des préférences des utilisateurs et s'adapter à divers contextes. Cette évolution offre des opportunités sans précédent pour améliorer l'expérience client et transformer la manière dont les entreprises interagissent avec leurs clients. Les avancées futures promettent d'enrichir encore davantage cette interaction, rendant les échanges plus fluides et naturels.", 'additional_kwargs': {'refusal': None}, 'response_metadata': {'token_usage': {'completion_tokens': 196, 'prompt_tokens': 63, 'total_tokens': 259, 'completion_tokens_details': {'accepted_prediction_tokens': 0, 'audio_tokens': 0, 'reasoning_tokens': 0, 'rejected_prediction_tokens': 0}, 'prompt_tokens_details': {'audio_tokens': 0, 'cached_tokens': 0}}, 'model_name': 'gpt-4o-mini-2024-07-18', 'system_fingerprint': 'fp_34a54ae93c', 'id': 'chatcmpl-BxFsjrKxBXXyIqu9vMQJC1Dk4neIt', 'service_tier': 'default', 'finish_reason': 'stop', 'logprobs': None}, 'type': 'ai', 'name': None, 'id': 'run--5a414b8c-5d85-4260-b13f-742a6fdc26e5-0', 'example': False, 'tool_calls': [], 'invalid_tool_calls': [], 'usage_metadata': {'input_tokens': 63, 'output_tokens': 196, 'total_tokens': 259, 'input_token_details': {'audio': 0, 'cache_read': 0}, 'output_token_details': {'audio': 0, 'reasoning': 0}}}
2025-07-25-17-48-36|ARTICLE_WRITER|EXPANDER|gpt-4o-mini|0|Sécurité des agents d'IA : Protéger contre les attaques par injection de prompt|3.59|{'content': "Sécurité des agents d'IA : Protéger contre les attaques par injection de prompt\n\nDans le domaine de l'intelligence artificielle, la sécurité des agents d'IA est devenue une préoccupation majeure. L'une des menaces les plus insidieuses est l'attaque par injection de prompt, où des acteurs malveillants manipulent les entrées d'un agent pour influencer ses réponses. Ces attaques peuvent compromettre l'intégrité des systèmes et conduire à la diffusion de désinformation. Pour contrer ce phénomène, il est essentiel de mettre en place des protocoles de sécurité robustes, tels que l'analyse des entrées, la validation des données et l'utilisation de modèles d'IA résilients. En renforçant la sécurité des agents d'IA, nous pouvons garantir une interaction plus sûre et fiable avec ces technologies avancées.", 'additional_kwargs': {'refusal': None}, 'response_metadata': {'token_usage': {'completion_tokens': 172, 'prompt_tokens': 66, 'total_tokens': 238, 'completion_tokens_details': {'accepted_prediction_tokens': 0, 'audio_tokens': 0, 'reasoning_tokens': 0, 'rejected_prediction_tokens': 0}, 'prompt_tokens_details': {'audio_tokens': 0, 'cached_tokens': 0}}, 'model_name': 'gpt-4o-mini-2024-07-18', 'system_fingerprint': 'fp_62a23a81ef', 'id': 'chatcmpl-BxFsvzwkl2cTBOYnxNWf74S78Bb6D', 'service_tier': 'default', 'finish_reason': 'stop', 'logprobs': None}, 'type': 'ai', 'name': None, 'id': 'run--d51c5cb2-493b-494b-86f6-aab89402e12b-0', 'example': False, 'tool_calls': [], 'invalid_tool_calls': [], 'usage_metadata': {'input_tokens': 66, 'output_tokens': 172, 'total_tokens': 238, 'input_token_details': {'audio': 0, 'cache_read': 0}, 'output_token_details': {'audio': 0, 'reasoning': 0}}}
2025-07-25-17-48-46|ARTICLE_WRITER|EXPANDER|gpt-4o-mini|0|L'avenir du travail : Comment les agents d'IA transformeront les industries|4.32|{'content': "L'avenir du travail : Comment les agents d'IA transformeront les industries\n\nL'essor de l'intelligence artificielle (IA) promet de redéfinir le paysage professionnel dans de nombreux secteurs. Les agents d'IA, capables d'apprendre et d'évoluer, joueront un rôle crucial dans l'automatisation des tâches répétitives et la prise de décisions éclairées. Par exemple, dans le secteur de la santé, ces technologies pourraient analyser des données médicales pour diagnostiquer des maladies avec une précision accrue. De même, dans le domaine de la finance, les algorithmes d'IA peuvent détecter des fraudes en temps réel. Cependant, cette transformation soulève des questions sur l'avenir des emplois traditionnels et l'importance de la formation continue pour s'adapter à cette nouvelle réalité. L'intégration harmonieuse de l'IA dans le monde du travail nécessitera une collaboration étroite entre les humains et les machines, ouvrant ainsi la voie à une ère d'innovation sans précédent.", 'additional_kwargs': {'refusal': None}, 'response_metadata': {'token_usage': {'completion_tokens': 211, 'prompt_tokens': 63, 'total_tokens': 274, 'completion_tokens_details': {'accepted_prediction_tokens': 0, 'audio_tokens': 0, 'reasoning_tokens': 0, 'rejected_prediction_tokens': 0}, 'prompt_tokens_details': {'audio_tokens': 0, 'cached_tokens': 0}}, 'model_name': 'gpt-4o-mini-2024-07-18', 'system_fingerprint': 'fp_34a54ae93c', 'id': 'chatcmpl-BxFt49xczYxiYHlCRu3x5gXfmmdu2', 'service_tier': 'default', 'finish_reason': 'stop', 'logprobs': None}, 'type': 'ai', 'name': None, 'id': 'run--42877343-c086-454d-a423-50bceaa809fa-0', 'example': False, 'tool_calls': [], 'invalid_tool_calls': [], 'usage_metadata': {'input_tokens': 63, 'output_tokens': 211, 'total_tokens': 274, 'input_token_details': {'audio': 0, 'cache_read': 0}, 'output_token_details': {'audio': 0, 'reasoning': 0}}}
2025-07-25-17-48-58|ARTICLE_WRITER|EXPANDER|gpt-4o-mini|0|Former des agents d'IA avec l'apprentissage par renforcement|3.09|{'content': "L'apprentissage par renforcement, une méthode clé dans le domaine de l'intelligence artificielle, a permis le développement d'agents autonomes capables de prendre des décisions optimales dans des environnements complexes. Ces agents, qui apprennent par essais et erreurs, sont souvent utilisés dans des applications variées, allant des jeux vidéo à la robotique. En exploitant des algorithmes sophistiqués, ils peuvent s'adapter à des situations changeantes et améliorer leurs performances au fil du temps. De plus, l'intégration de techniques d'apprentissage par renforcement dans des systèmes d'IA a ouvert de nouvelles perspectives, notamment dans la recherche médicale et la gestion des ressources. L'avenir de ces agents promet des avancées significatives dans de nombreux secteurs.", 'additional_kwargs': {'refusal': None}, 'response_metadata': {'token_usage': {'completion_tokens': 154, 'prompt_tokens': 61, 'total_tokens': 215, 'completion_tokens_details': {'accepted_prediction_tokens': 0, 'audio_tokens': 0, 'reasoning_tokens': 0, 'rejected_prediction_tokens': 0}, 'prompt_tokens_details': {'audio_tokens': 0, 'cached_tokens': 0}}, 'model_name': 'gpt-4o-mini-2024-07-18', 'system_fingerprint': 'fp_34a54ae93c', 'id': 'chatcmpl-BxFtHqtVtQjN7mZyjRXS6wxX15CtT', 'service_tier': 'default', 'finish_reason': 'stop', 'logprobs': None}, 'type': 'ai', 'name': None, 'id': 'run--45532baf-501c-4e80-aa62-7c1c72fd0a27-0', 'example': False, 'tool_calls': [], 'invalid_tool_calls': [], 'usage_metadata': {'input_tokens': 61, 'output_tokens': 154, 'total_tokens': 215, 'input_token_details': {'audio': 0, 'cache_read': 0}, 'output_token_details': {'audio': 0, 'reasoning': 0}}}
2025-07-25-17-49-08|ARTICLE_WRITER|EXPANDER|gpt-4o-mini|0|Systèmes de Mémoire des Agents IA : Faire en Sorte que les Machines se Souviennent|4.05|{'content': "Systèmes de Mémoire des Agents IA : Faire en Sorte que les Machines se Souviennent\n\nLes systèmes de mémoire des agents d'intelligence artificielle (IA) jouent un rôle crucial dans l'amélioration de l'interaction entre les machines et les utilisateurs. En permettant aux IA de se souvenir des informations pertinentes, ces systèmes favorisent une expérience plus personnalisée et efficace. Par exemple, une IA capable de retenir les préférences d'un utilisateur peut anticiper ses besoins, rendant les échanges plus fluides. De plus, une mémoire bien conçue aide les agents à apprendre de leurs erreurs et à s'améliorer au fil du temps. En intégrant des mécanismes de mémoire, les développeurs d'IA visent à créer des machines non seulement réactives, mais aussi proactives, capables de s'adapter à des contextes variés et d'établir des relations durables avec les utilisateurs.", 'additional_kwargs': {'refusal': None}, 'response_metadata': {'token_usage': {'completion_tokens': 188, 'prompt_tokens': 68, 'total_tokens': 256, 'completion_tokens_details': {'accepted_prediction_tokens': 0, 'audio_tokens': 0, 'reasoning_tokens': 0, 'rejected_prediction_tokens': 0}, 'prompt_tokens_details': {'audio_tokens': 0, 'cached_tokens': 0}}, 'model_name': 'gpt-4o-mini-2024-07-18', 'system_fingerprint': 'fp_34a54ae93c', 'id': 'chatcmpl-BxFtQ0i6MLIm2nLoJcao7gZE1n0SF', 'service_tier': 'default', 'finish_reason': 'stop', 'logprobs': None}, 'type': 'ai', 'name': None, 'id': 'run--7acc1e2b-997f-44c3-a155-5e90b115bdb6-0', 'example': False, 'tool_calls': [], 'invalid_tool_calls': [], 'usage_metadata': {'input_tokens': 68, 'output_tokens': 188, 'total_tokens': 256, 'input_token_details': {'audio': 0, 'cache_read': 0}, 'output_token_details': {'audio': 0, 'reasoning': 0}}}
2025-07-25-17-49-19|ARTICLE_WRITER|EXPANDER|gpt-4o-mini|0|Intelligence des essaims : Ce que les colonies de fourmis nous apprennent sur l'IA|4.24|{'content': "Intelligence des essaims : Ce que les colonies de fourmis nous apprennent sur l'IA\n\nL'étude des colonies de fourmis offre des perspectives fascinantes sur le développement de l'intelligence artificielle (IA). Ces insectes, bien que simples, démontrent une capacité remarquable à travailler ensemble pour résoudre des problèmes complexes, comme la recherche de nourriture et la construction de nids. Leur comportement collectif, souvent désigné sous le terme d'intelligence des essaims, est un modèle qui inspire les chercheurs en IA. En imitant ces stratégies de coopération et d'adaptation, les scientifiques développent des algorithmes capables d'optimiser des systèmes variés, allant de la logistique à la robotique. Ainsi, les fourmis ne sont pas seulement des insectes fascinants, mais également des sources d'inspiration pour l'innovation technologique.", 'additional_kwargs': {'refusal': None}, 'response_metadata': {'token_usage': {'completion_tokens': 177, 'prompt_tokens': 68, 'total_tokens': 245, 'completion_tokens_details': {'accepted_prediction_tokens': 0, 'audio_tokens': 0, 'reasoning_tokens': 0, 'rejected_prediction_tokens': 0}, 'prompt_tokens_details': {'audio_tokens': 0, 'cached_tokens': 0}}, 'model_name': 'gpt-4o-mini-2024-07-18', 'system_fingerprint': 'fp_34a54ae93c', 'id': 'chatcmpl-BxFtbWLyWhYLKBsPiMejCoryqpuqH', 'service_tier': 'default', 'finish_reason': 'stop', 'logprobs': None}, 'type': 'ai', 'name': None, 'id': 'run--ac3b5fcf-b084-4daf-bc7e-d4d8396ecb07-0', 'example': False, 'tool_calls': [], 'invalid_tool_calls': [], 'usage_metadata': {'input_tokens': 68, 'output_tokens': 177, 'total_tokens': 245, 'input_token_details': {'audio': 0, 'cache_read': 0}, 'output_token_details': {'audio': 0, 'reasoning': 0}}}
2025-07-25-17-49-28|ARTICLE_WRITER|EXPANDER|gpt-4o-mini|0|Construire des agents d'IA fiables pour la santé|3.16|{'content': "Construire des agents d'IA fiables pour la santé est un défi majeur qui nécessite une attention particulière à la précision, à la sécurité et à l'éthique. Ces systèmes doivent être capables de traiter des données médicales complexes tout en respectant la confidentialité des patients. Les algorithmes doivent être formés sur des ensembles de données diversifiés pour éviter les biais et garantir des résultats équitables pour tous les groupes de population. De plus, une collaboration étroite entre les professionnels de la santé, les chercheurs en IA et les régulateurs est essentielle pour établir des normes et des protocoles. En intégrant des mécanismes de transparence, nous pouvons renforcer la confiance du public envers ces technologies prometteuses.", 'additional_kwargs': {'refusal': None}, 'response_metadata': {'token_usage': {'completion_tokens': 146, 'prompt_tokens': 59, 'total_tokens': 205, 'completion_tokens_details': {'accepted_prediction_tokens': 0, 'audio_tokens': 0, 'reasoning_tokens': 0, 'rejected_prediction_tokens': 0}, 'prompt_tokens_details': {'audio_tokens': 0, 'cached_tokens': 0}}, 'model_name': 'gpt-4o-mini-2024-07-18', 'system_fingerprint': 'fp_62a23a81ef', 'id': 'chatcmpl-BxFtlmsUZX46aVcxZYwbk1Ei0HJMT', 'service_tier': 'default', 'finish_reason': 'stop', 'logprobs': None}, 'type': 'ai', 'name': None, 'id': 'run--087f448d-f322-4348-b82a-bad20ad3105a-0', 'example': False, 'tool_calls': [], 'invalid_tool_calls': [], 'usage_metadata': {'input_tokens': 59, 'output_tokens': 146, 'total_tokens': 205, 'input_token_details': {'audio': 0, 'cache_read': 0}, 'output_token_details': {'audio': 0, 'reasoning': 0}}}
2025-07-25-17-49-37|ARTICLE_WRITER|EXPANDER|gpt-4o-mini|0|L'économie des agents d'IA : Coût vs. Travail humain|3.15|{'content': "L'économie des agents d'IA : Coût vs. Travail humain\n\nAvec l'essor fulgurant des technologies d'intelligence artificielle, un débat crucial émerge quant à la relation entre le coût des agents d'IA et le travail humain. D'une part, les agents d'IA peuvent réduire considérablement les coûts opérationnels des entreprises en automatisant des tâches répétitives et en améliorant l'efficacité. D'autre part, cette automatisation soulève des préoccupations quant à la disparition de certains emplois, ce qui pourrait engendrer des défis socio-économiques. Les entreprises doivent donc peser soigneusement les avantages économiques de l'IA par rapport à l'impact sur leurs employés et la société dans son ensemble. L'équilibre entre ces deux forces sera déterminant pour l'avenir du travail.", 'additional_kwargs': {'refusal': None}, 'response_metadata': {'token_usage': {'completion_tokens': 166, 'prompt_tokens': 62, 'total_tokens': 228, 'completion_tokens_details': {'accepted_prediction_tokens': 0, 'audio_tokens': 0, 'reasoning_tokens': 0, 'rejected_prediction_tokens': 0}, 'prompt_tokens_details': {'audio_tokens': 0, 'cached_tokens': 0}}, 'model_name': 'gpt-4o-mini-2024-07-18', 'system_fingerprint': 'fp_62a23a81ef', 'id': 'chatcmpl-BxFtvSK2dgpF0IM90pcdMFYxvFAze', 'service_tier': 'default', 'finish_reason': 'stop', 'logprobs': None}, 'type': 'ai', 'name': None, 'id': 'run--c380a7b9-4ab1-4b9a-84cf-a1be9c8c16c8-0', 'example': False, 'tool_calls': [], 'invalid_tool_calls': [], 'usage_metadata': {'input_tokens': 62, 'output_tokens': 166, 'total_tokens': 228, 'input_token_details': {'audio': 0, 'cache_read': 0}, 'output_token_details': {'audio': 0, 'reasoning': 0}}}
2025-07-25-17-49-46|ARTICLE_WRITER|EXPANDER|gpt-4o-mini|0|Agents IA dans les jeux vidéo : Créer des PNJ intelligents|3.38|{'content': "Les agents intelligents (IA) dans les jeux vidéo jouent un rôle crucial dans l'amélioration de l'expérience de jeu en créant des personnages non-joueurs (PNJ) plus réalistes et interactifs. Ces PNJ, alimentés par des algorithmes avancés, peuvent réagir de manière dynamique aux actions des joueurs, rendant les scénarios de jeu plus immersifs. Par exemple, grâce à l'apprentissage automatique, les PNJ peuvent adapter leur comportement en fonction des stratégies des joueurs, offrant ainsi des défis variés et imprévisibles. De plus, l'intégration de l'IA permet de générer des dialogues plus naturels et contextuels, enrichissant ainsi la narration et l'engagement émotionnel. L'avenir des jeux vidéo semble prometteur avec ces avancées technologiques, qui continueront à transformer les interactions entre les joueurs et l'environnement virtuel.", 'additional_kwargs': {'refusal': None}, 'response_metadata': {'token_usage': {'completion_tokens': 181, 'prompt_tokens': 62, 'total_tokens': 243, 'completion_tokens_details': {'accepted_prediction_tokens': 0, 'audio_tokens': 0, 'reasoning_tokens': 0, 'rejected_prediction_tokens': 0}, 'prompt_tokens_details': {'audio_tokens': 0, 'cached_tokens': 0}}, 'model_name': 'gpt-4o-mini-2024-07-18', 'system_fingerprint': 'fp_62a23a81ef', 'id': 'chatcmpl-BxFu3KQOZw59JUGksZnOmqdnJl9ZZ', 'service_tier': 'default', 'finish_reason': 'stop', 'logprobs': None}, 'type': 'ai', 'name': None, 'id': 'run--6c5e23be-bab7-4cc0-a66a-d4dee9c89e50-0', 'example': False, 'tool_calls': [], 'invalid_tool_calls': [], 'usage_metadata': {'input_tokens': 62, 'output_tokens': 181, 'total_tokens': 243, 'input_token_details': {'audio': 0, 'cache_read': 0}, 'output_token_details': {'audio': 0, 'reasoning': 0}}}
2025-07-25-17-49-55|ARTICLE_WRITER|EXPANDER|gpt-4o-mini|0|Débogage du Comportement des Agents IA : Outils et Techniques|3.49|{'content': "Débogage du Comportement des Agents IA : Outils et Techniques\n\nLe débogage des agents d'intelligence artificielle (IA) est une tâche essentielle pour garantir leur efficacité et leur fiabilité. Plusieurs outils et techniques ont été développés pour aider les chercheurs et les développeurs à identifier et à corriger les problèmes de comportement. Parmi ces outils, on trouve des environnements de simulation qui permettent de tester les agents dans des scénarios variés, ainsi que des visualisateurs de données qui aident à analyser les décisions prises par l'IA. De plus, des techniques de traçage et de logging sont souvent utilisées pour suivre les actions des agents, facilitant ainsi l'identification des erreurs. En combinant ces méthodes, il est possible d'améliorer considérablement la performance et la robustesse des agents IA, assurant ainsi qu'ils fonctionnent comme prévu dans des situations réelles.", 'additional_kwargs': {'refusal': None}, 'response_metadata': {'token_usage': {'completion_tokens': 184, 'prompt_tokens': 63, 'total_tokens': 247, 'completion_tokens_details': {'accepted_prediction_tokens': 0, 'audio_tokens': 0, 'reasoning_tokens': 0, 'rejected_prediction_tokens': 0}, 'prompt_tokens_details': {'audio_tokens': 0, 'cached_tokens': 0}}, 'model_name': 'gpt-4o-mini-2024-07-18', 'system_fingerprint': 'fp_34a54ae93c', 'id': 'chatcmpl-BxFuCnc92tIvhMTnW9JRw79TAF4It', 'service_tier': 'default', 'finish_reason': 'stop', 'logprobs': None}, 'type': 'ai', 'name': None, 'id': 'run--556ffc5c-8286-48f4-93f9-4f3c853e6fed-0', 'example': False, 'tool_calls': [], 'invalid_tool_calls': [], 'usage_metadata': {'input_tokens': 63, 'output_tokens': 184, 'total_tokens': 247, 'input_token_details': {'audio': 0, 'cache_read': 0}, 'output_token_details': {'audio': 0, 'reasoning': 0}}}
2025-07-25-17-50-05|ARTICLE_WRITER|EXPANDER|gpt-4o-mini|0|Orchestration des agents IA : Gestion des flux de travail complexes|3.30|{'content': "Orchestration des agents IA : Gestion des flux de travail complexes\n\nL'orchestration des agents d'intelligence artificielle (IA) joue un rôle crucial dans la gestion des flux de travail complexes au sein des entreprises modernes. En intégrant plusieurs agents IA, les organisations peuvent automatiser des processus variés, allant de la gestion des stocks à l'analyse des données. Cette approche permet d'optimiser les ressources, d'améliorer l'efficacité opérationnelle et de réduire les erreurs humaines. De plus, l'orchestration facilite la collaboration entre différents systèmes et applications, garantissant ainsi une communication fluide et une prise de décision rapide. En somme, l'orchestration des agents IA est essentielle pour naviguer dans un environnement commercial en constante évolution et tirer parti des avancées technologiques.", 'additional_kwargs': {'refusal': None}, 'response_metadata': {'token_usage': {'completion_tokens': 161, 'prompt_tokens': 61, 'total_tokens': 222, 'completion_tokens_details': {'accepted_prediction_tokens': 0, 'audio_tokens': 0, 'reasoning_tokens': 0, 'rejected_prediction_tokens': 0}, 'prompt_tokens_details': {'audio_tokens': 0, 'cached_tokens': 0}}, 'model_name': 'gpt-4o-mini-2024-07-18', 'system_fingerprint': 'fp_34a54ae93c', 'id': 'chatcmpl-BxFuMD5biK69EQwx7cNB1vKT8Obhd', 'service_tier': 'default', 'finish_reason': 'stop', 'logprobs': None}, 'type': 'ai', 'name': None, 'id': 'run--33b7b171-26f8-4e69-976a-045d9d9f4843-0', 'example': False, 'tool_calls': [], 'invalid_tool_calls': [], 'usage_metadata': {'input_tokens': 61, 'output_tokens': 161, 'total_tokens': 222, 'input_token_details': {'audio': 0, 'cache_read': 0}, 'output_token_details': {'audio': 0, 'reasoning': 0}}}
2025-07-25-17-50-14|ARTICLE_WRITER|EXPANDER|gpt-4o-mini|0|Traitement du langage naturel pour la communication des agents IA|3.49|{'content': "Le traitement du langage naturel (TLN) joue un rôle crucial dans la communication des agents d'intelligence artificielle (IA). Grâce à des algorithmes avancés, ces agents peuvent comprendre, interpréter et générer du langage humain de manière fluide et contextuelle. Cela permet non seulement d'améliorer l'interaction entre les utilisateurs et les systèmes d'IA, mais aussi d'enrichir des domaines variés tels que le service client, l'éducation et la santé. En intégrant le TLN, les agents peuvent analyser des requêtes complexes, répondre de manière pertinente et même anticiper les besoins des utilisateurs. Ainsi, le TLN devient un outil indispensable pour rendre les agents IA plus efficaces et accessibles.", 'additional_kwargs': {'refusal': None}, 'response_metadata': {'token_usage': {'completion_tokens': 147, 'prompt_tokens': 59, 'total_tokens': 206, 'completion_tokens_details': {'accepted_prediction_tokens': 0, 'audio_tokens': 0, 'reasoning_tokens': 0, 'rejected_prediction_tokens': 0}, 'prompt_tokens_details': {'audio_tokens': 0, 'cached_tokens': 0}}, 'model_name': 'gpt-4o-mini-2024-07-18', 'system_fingerprint': 'fp_34a54ae93c', 'id': 'chatcmpl-BxFuVuHd1JSBRQtfB6ZQRSE5mUYd8', 'service_tier': 'default', 'finish_reason': 'stop', 'logprobs': None}, 'type': 'ai', 'name': None, 'id': 'run--94ce40ec-fa7e-4603-a1b9-7da374203ab0-0', 'example': False, 'tool_calls': [], 'invalid_tool_calls': [], 'usage_metadata': {'input_tokens': 59, 'output_tokens': 147, 'total_tokens': 206, 'input_token_details': {'audio': 0, 'cache_read': 0}, 'output_token_details': {'audio': 0, 'reasoning': 0}}}
2025-07-25-17-50-23|ARTICLE_WRITER|EXPANDER|gpt-4o-mini|0|Agents IA et Confidentialité : Équilibrer Personnalisation et Protection|3.40|{'content': "Agents IA et Confidentialité : Équilibrer Personnalisation et Protection\n\nL'essor des agents d'intelligence artificielle (IA) dans divers secteurs soulève des questions cruciales concernant la confidentialité des données. Ces technologies, conçues pour offrir une expérience utilisateur personnalisée, collectent et analysent une quantité considérable d'informations personnelles. Il est essentiel de trouver un équilibre entre la personnalisation des services et la protection des données sensibles des utilisateurs. Les entreprises doivent mettre en place des mesures de sécurité robustes et adopter des pratiques éthiques pour garantir que les données sont utilisées de manière responsable. En intégrant des politiques de confidentialité transparentes, elles peuvent non seulement protéger les utilisateurs, mais aussi renforcer la confiance et la fidélité à long terme.", 'additional_kwargs': {'refusal': None}, 'response_metadata': {'token_usage': {'completion_tokens': 153, 'prompt_tokens': 63, 'total_tokens': 216, 'completion_tokens_details': {'accepted_prediction_tokens': 0, 'audio_tokens': 0, 'reasoning_tokens': 0, 'rejected_prediction_tokens': 0}, 'prompt_tokens_details': {'audio_tokens': 0, 'cached_tokens': 0}}, 'model_name': 'gpt-4o-mini-2024-07-18', 'system_fingerprint': 'fp_d77b305a29', 'id': 'chatcmpl-BxFuf9AJUUVzTLIcuKvXrK1LeIWfz', 'service_tier': 'default', 'finish_reason': 'stop', 'logprobs': None}, 'type': 'ai', 'name': None, 'id': 'run--d95633ee-dc10-4b75-bb98-298a7d71e0b5-0', 'example': False, 'tool_calls': [], 'invalid_tool_calls': [], 'usage_metadata': {'input_tokens': 63, 'output_tokens': 153, 'total_tokens': 216, 'input_token_details': {'audio': 0, 'cache_read': 0}, 'output_token_details': {'audio': 0, 'reasoning': 0}}}
2025-07-25-17-50-35|ARTICLE_WRITER|EXPANDER|gpt-4o-mini|0|Construire des agents d'IA explicables pour des applications critiques|5.93|{'content': "Construire des agents d'IA explicables pour des applications critiques est devenu une préoccupation majeure dans le domaine de l'intelligence artificielle. L'explicabilité est essentielle, surtout lorsque ces systèmes sont utilisés dans des secteurs tels que la santé, la finance ou la sécurité. Les décisions prises par des algorithmes peuvent avoir des conséquences significatives sur la vie des individus. Par conséquent, il est crucial que les utilisateurs comprennent comment et pourquoi une décision a été prise. De plus, des agents d'IA explicables peuvent renforcer la confiance des utilisateurs et faciliter l'acceptation de ces technologies. En intégrant des mécanismes d'explication, nous pouvons non seulement améliorer la transparence, mais également encourager un usage éthique et responsable de l'IA dans des contextes sensibles.", 'additional_kwargs': {'refusal': None}, 'response_metadata': {'token_usage': {'completion_tokens': 160, 'prompt_tokens': 61, 'total_tokens': 221, 'completion_tokens_details': {'accepted_prediction_tokens': 0, 'audio_tokens': 0, 'reasoning_tokens': 0, 'rejected_prediction_tokens': 0}, 'prompt_tokens_details': {'audio_tokens': 0, 'cached_tokens': 0}}, 'model_name': 'gpt-4o-mini-2024-07-18', 'system_fingerprint': 'fp_34a54ae93c', 'id': 'chatcmpl-BxFupcnO3gX4wUZyAyXxjCaoeVHXC', 'service_tier': 'default', 'finish_reason': 'stop', 'logprobs': None}, 'type': 'ai', 'name': None, 'id': 'run--a2722d7b-f27f-4b58-9baf-e86685262a6c-0', 'example': False, 'tool_calls': [], 'invalid_tool_calls': [], 'usage_metadata': {'input_tokens': 61, 'output_tokens': 160, 'total_tokens': 221, 'input_token_details': {'audio': 0, 'cache_read': 0}, 'output_token_details': {'audio': 0, 'reasoning': 0}}}
2025-07-25-17-50-44|ARTICLE_WRITER|EXPANDER|gpt-4o-mini|0|Test des agents d'IA : Assurer la fiabilité en production|2.75|{'content': "Test des agents d'IA : Assurer la fiabilité en production\n\nDans le domaine en constante évolution de l'intelligence artificielle, il est crucial de garantir que les agents d'IA fonctionnent de manière fiable et efficace en production. Les tests rigoureux permettent d'identifier les failles potentielles et de s'assurer que ces systèmes réagissent correctement dans diverses situations. Cela implique non seulement des tests unitaires et d'intégration, mais également des évaluations en conditions réelles pour simuler des environnements d'utilisation. En mettant en œuvre des protocoles de test robustes, les entreprises peuvent minimiser les risques associés à l'IA et maximiser la confiance des utilisateurs dans ces technologies innovantes. La fiabilité en production est essentielle pour le succès à long terme des projets d'IA.", 'additional_kwargs': {'refusal': None}, 'response_metadata': {'token_usage': {'completion_tokens': 164, 'prompt_tokens': 62, 'total_tokens': 226, 'completion_tokens_details': {'accepted_prediction_tokens': 0, 'audio_tokens': 0, 'reasoning_tokens': 0, 'rejected_prediction_tokens': 0}, 'prompt_tokens_details': {'audio_tokens': 0, 'cached_tokens': 0}}, 'model_name': 'gpt-4o-mini-2024-07-18', 'system_fingerprint': 'fp_34a54ae93c', 'id': 'chatcmpl-BxFv0NOG7zgkvKv2uOu6ICsdtDlOg', 'service_tier': 'default', 'finish_reason': 'stop', 'logprobs': None}, 'type': 'ai', 'name': None, 'id': 'run--ebd7d586-d41b-4578-b973-2b364c4f495b-0', 'example': False, 'tool_calls': [], 'invalid_tool_calls': [], 'usage_metadata': {'input_tokens': 62, 'output_tokens': 164, 'total_tokens': 226, 'input_token_details': {'audio': 0, 'cache_read': 0}, 'output_token_details': {'audio': 0, 'reasoning': 0}}}
2025-07-25-17-50-56|ARTICLE_WRITER|EXPANDER|gpt-4o-mini|0|Le Rôle des Agents IA dans la Découverte Scientifique|6.37|{'content': "Le Rôle des Agents IA dans la Découverte Scientifique\n\nL'intelligence artificielle (IA) joue un rôle de plus en plus crucial dans le domaine de la découverte scientifique. En analysant d'énormes ensembles de données, les agents IA peuvent identifier des tendances et des corrélations qui échappent souvent à l'œil humain. Par exemple, dans des domaines comme la biologie, la chimie et la physique, ces systèmes peuvent accélérer la recherche de nouveaux médicaments ou de matériaux innovants. De plus, l'IA permet de simuler des expériences complexes, réduisant ainsi le temps et les coûts associés aux recherches traditionnelles. En intégrant l'IA dans le processus scientifique, les chercheurs peuvent non seulement améliorer leur efficacité, mais aussi ouvrir la voie à des découvertes révolutionnaires qui pourraient transformer notre compréhension du monde. Ainsi, l'IA devient un partenaire indispensable dans l'avancement de la science moderne.", 'additional_kwargs': {'refusal': None}, 'response_metadata': {'token_usage': {'completion_tokens': 191, 'prompt_tokens': 60, 'total_tokens': 251, 'completion_tokens_details': {'accepted_prediction_tokens': 0, 'audio_tokens': 0, 'reasoning_tokens': 0, 'rejected_prediction_tokens': 0}, 'prompt_tokens_details': {'audio_tokens': 0, 'cached_tokens': 0}}, 'model_name': 'gpt-4o-mini-2024-07-18', 'system_fingerprint': 'fp_34a54ae93c', 'id': 'chatcmpl-BxFvAStQn4wYZv2BZjonGrxk2W2VG', 'service_tier': 'default', 'finish_reason': 'stop', 'logprobs': None}, 'type': 'ai', 'name': None, 'id': 'run--485c796c-7394-44ec-8c05-92d5d94a1be3-0', 'example': False, 'tool_calls': [], 'invalid_tool_calls': [], 'usage_metadata': {'input_tokens': 60, 'output_tokens': 191, 'total_tokens': 251, 'input_token_details': {'audio': 0, 'cache_read': 0}, 'output_token_details': {'audio': 0, 'reasoning': 0}}}
2025-07-25-17-51-08|ARTICLE_WRITER|EXPANDER|gpt-4o-mini|0|Démocratiser l'IA : Rendre le développement d'agents accessible|4.47|{'content': "Démocratiser l'IA : Rendre le développement d'agents accessible\n\nL'intelligence artificielle (IA) a le potentiel de transformer de nombreux secteurs, mais son développement reste souvent réservé à une élite technique. Pour démocratiser l'IA, il est essentiel de rendre le processus de création d'agents intelligents plus accessible à un public plus large. Cela peut passer par la simplification des outils de développement, la création de plateformes intuitives et la mise à disposition de ressources éducatives adaptées. En formant des non-experts et en encourageant la collaboration interdisciplinaire, nous pouvons favoriser l'innovation et permettre à chacun de contribuer à l'avancement de cette technologie révolutionnaire. Ainsi, l'IA pourrait devenir un atout pour tous, et non seulement pour quelques privilégiés.", 'additional_kwargs': {'refusal': None}, 'response_metadata': {'token_usage': {'completion_tokens': 167, 'prompt_tokens': 65, 'total_tokens': 232, 'completion_tokens_details': {'accepted_prediction_tokens': 0, 'audio_tokens': 0, 'reasoning_tokens': 0, 'rejected_prediction_tokens': 0}, 'prompt_tokens_details': {'audio_tokens': 0, 'cached_tokens': 0}}, 'model_name': 'gpt-4o-mini-2024-07-18', 'system_fingerprint': 'fp_34a54ae93c', 'id': 'chatcmpl-BxFvMQ2pEyojWFH25e14FiKSWP90S', 'service_tier': 'default', 'finish_reason': 'stop', 'logprobs': None}, 'type': 'ai', 'name': None, 'id': 'run--3c4edc9c-ad87-44b5-a75b-501eabf80ced-0', 'example': False, 'tool_calls': [], 'invalid_tool_calls': [], 'usage_metadata': {'input_tokens': 65, 'output_tokens': 167, 'total_tokens': 232, 'input_token_details': {'audio': 0, 'cache_read': 0}, 'output_token_details': {'audio': 0, 'reasoning': 0}}}
2025-07-25-17-51-25|ARTICLE_WRITER|EXPANDER|gpt-4o-mini|0|Agents IA et Créativité : Les Machines Peuvent-elles Être Vraiment Originales ?|4.36|{'content': "Agents IA et Créativité : Les Machines Peuvent-elles Être Vraiment Originales ?\n\nLa question de la créativité des agents d'intelligence artificielle (IA) suscite un intérêt croissant dans le domaine technologique et artistique. Alors que les machines sont capables de générer des œuvres d'art, de la musique et même des textes littéraires, leur capacité à être véritablement originales reste débattue. En effet, les IA s'appuient sur des algorithmes et des données existantes pour créer, ce qui soulève la question de savoir si leur production peut être considérée comme authentiquement novatrice. Les experts s'interrogent sur la différence entre imitation et création, et sur le rôle de l'humain dans le processus créatif. Ainsi, bien que les machines puissent produire des résultats impressionnants, leur originalité véritable demeure un sujet de réflexion et de discussion.", 'additional_kwargs': {'refusal': None}, 'response_metadata': {'token_usage': {'completion_tokens': 182, 'prompt_tokens': 67, 'total_tokens': 249, 'completion_tokens_details': {'accepted_prediction_tokens': 0, 'audio_tokens': 0, 'reasoning_tokens': 0, 'rejected_prediction_tokens': 0}, 'prompt_tokens_details': {'audio_tokens': 0, 'cached_tokens': 0}}, 'model_name': 'gpt-4o-mini-2024-07-18', 'system_fingerprint': 'fp_34a54ae93c', 'id': 'chatcmpl-BxFvdp15cDZIDmLPhNwuL2B6RSOo4', 'service_tier': 'default', 'finish_reason': 'stop', 'logprobs': None}, 'type': 'ai', 'name': None, 'id': 'run--54228ea6-3698-4753-89d5-b9a2dad113bf-0', 'example': False, 'tool_calls': [], 'invalid_tool_calls': [], 'usage_metadata': {'input_tokens': 67, 'output_tokens': 182, 'total_tokens': 249, 'input_token_details': {'audio': 0, 'cache_read': 0}, 'output_token_details': {'audio': 0, 'reasoning': 0}}}
2025-07-25-17-51-34|ARTICLE_WRITER|EXPANDER|gpt-4o-mini|0|Déployer des agents d'IA à grande échelle : Leçons des tranchées|3.58|{'content': "Déployer des agents d'IA à grande échelle : Leçons des tranchées\n\nL'implémentation des agents d'intelligence artificielle (IA) à grande échelle dans les entreprises présente des défis uniques, souvent imprévus. Les leçons tirées des expériences sur le terrain montrent que la planification minutieuse et l'adaptabilité sont essentielles pour réussir. Il est crucial d'impliquer toutes les parties prenantes dès le début, afin de s'assurer que les systèmes d'IA répondent aux besoins réels des utilisateurs. De plus, la formation continue des employés et la gestion des attentes sont des éléments clés pour surmonter les résistances. En tirant parti des retours d'expérience, les organisations peuvent mieux naviguer dans les complexités du déploiement de l'IA, maximisant ainsi les bénéfices tout en minimisant les risques.", 'additional_kwargs': {'refusal': None}, 'response_metadata': {'token_usage': {'completion_tokens': 179, 'prompt_tokens': 66, 'total_tokens': 245, 'completion_tokens_details': {'accepted_prediction_tokens': 0, 'audio_tokens': 0, 'reasoning_tokens': 0, 'rejected_prediction_tokens': 0}, 'prompt_tokens_details': {'audio_tokens': 0, 'cached_tokens': 0}}, 'model_name': 'gpt-4o-mini-2024-07-18', 'system_fingerprint': 'fp_34a54ae93c', 'id': 'chatcmpl-BxFvmUt0USEIVcWDU27q3m0foA4u1', 'service_tier': 'default', 'finish_reason': 'stop', 'logprobs': None}, 'type': 'ai', 'name': None, 'id': 'run--b5819455-a556-48fb-9e8d-aca3cf53b685-0', 'example': False, 'tool_calls': [], 'invalid_tool_calls': [], 'usage_metadata': {'input_tokens': 66, 'output_tokens': 179, 'total_tokens': 245, 'input_token_details': {'audio': 0, 'cache_read': 0}, 'output_token_details': {'audio': 0, 'reasoning': 0}}}
2025-07-25-17-51-42|ARTICLE_WRITER|EXPANDER|gpt-4o-mini|0|Biais des agents d'IA : stratégies de détection et d'atténuation|3.57|{'content': "Les biais des agents d'intelligence artificielle (IA) représentent un défi majeur dans le développement et l'application de ces technologies. Ces biais peuvent surgir à partir des données d'entraînement, des algorithmes utilisés, ou même des décisions humaines lors de la conception. Pour détecter ces biais, plusieurs stratégies peuvent être mises en œuvre, telles que l'analyse des données pour identifier des anomalies ou l'utilisation de techniques de test A/B pour évaluer les performances des modèles. En ce qui concerne l'atténuation, des approches comme la réévaluation des jeux de données, l'optimisation des algorithmes et la formation continue des modèles sont essentielles. En intégrant ces stratégies, les développeurs peuvent travailler à la création d'agents d'IA plus équitables et efficaces.", 'additional_kwargs': {'refusal': None}, 'response_metadata': {'token_usage': {'completion_tokens': 161, 'prompt_tokens': 65, 'total_tokens': 226, 'completion_tokens_details': {'accepted_prediction_tokens': 0, 'audio_tokens': 0, 'reasoning_tokens': 0, 'rejected_prediction_tokens': 0}, 'prompt_tokens_details': {'audio_tokens': 0, 'cached_tokens': 0}}, 'model_name': 'gpt-4o-mini-2024-07-18', 'system_fingerprint': 'fp_34a54ae93c', 'id': 'chatcmpl-BxFvvQ7xnncihdVgLwSV3Oq3PHNgX', 'service_tier': 'default', 'finish_reason': 'stop', 'logprobs': None}, 'type': 'ai', 'name': None, 'id': 'run--95139ae1-39ce-4beb-b122-70cf16e8dfe0-0', 'example': False, 'tool_calls': [], 'invalid_tool_calls': [], 'usage_metadata': {'input_tokens': 65, 'output_tokens': 161, 'total_tokens': 226, 'input_token_details': {'audio': 0, 'cache_read': 0}, 'output_token_details': {'audio': 0, 'reasoning': 0}}}
2025-07-25-17-51-54|ARTICLE_WRITER|EXPANDER|gpt-4o-mini|0|La neuroscience derrière la prise de décision des agents d'IA|6.42|{'content': "La neuroscience derrière la prise de décision des agents d'IA est un domaine fascinant qui explore comment les principes des neurosciences peuvent être appliqués à la conception d'algorithmes intelligents. En s'inspirant des mécanismes cérébraux humains, les chercheurs cherchent à comprendre comment les agents d'intelligence artificielle peuvent simuler des processus décisionnels similaires. Cela inclut l'étude des biais cognitifs, des émotions et des motivations qui influencent les choix humains. En intégrant ces éléments, les développeurs d'IA visent à créer des systèmes plus efficaces et adaptatifs, capables de prendre des décisions éclairées dans des environnements complexes. Cette approche pourrait révolutionner l'interaction entre humains et machines, ouvrant la voie à des applications innovantes dans divers domaines, tels que la santé, la finance et la robotique.", 'additional_kwargs': {'refusal': None}, 'response_metadata': {'token_usage': {'completion_tokens': 172, 'prompt_tokens': 60, 'total_tokens': 232, 'completion_tokens_details': {'accepted_prediction_tokens': 0, 'audio_tokens': 0, 'reasoning_tokens': 0, 'rejected_prediction_tokens': 0}, 'prompt_tokens_details': {'audio_tokens': 0, 'cached_tokens': 0}}, 'model_name': 'gpt-4o-mini-2024-07-18', 'system_fingerprint': 'fp_34a54ae93c', 'id': 'chatcmpl-BxFw4Iw5Dr5KFxw0JvgnghDRnC3pU', 'service_tier': 'default', 'finish_reason': 'stop', 'logprobs': None}, 'type': 'ai', 'name': None, 'id': 'run--8470d914-f37e-430f-b9ff-777b4df4c90a-0', 'example': False, 'tool_calls': [], 'invalid_tool_calls': [], 'usage_metadata': {'input_tokens': 60, 'output_tokens': 172, 'total_tokens': 232, 'input_token_details': {'audio': 0, 'cache_read': 0}, 'output_token_details': {'audio': 0, 'reasoning': 0}}}
2025-07-25-17-52-04|ARTICLE_WRITER|EXPANDER|gpt-4o-mini|0|Agents IA dans l'informatique en périphérie : Traitement à la source|3.47|{'content': "Les agents d'intelligence artificielle (IA) jouent un rôle crucial dans l'informatique en périphérie, où le traitement des données se fait à la source, c'est-à-dire près des dispositifs qui génèrent ces données. Cette approche permet de réduire la latence, d'optimiser l'utilisation de la bande passante et de garantir une réponse quasi instantanée aux besoins des utilisateurs. En intégrant des agents IA dans les systèmes en périphérie, les entreprises peuvent analyser des données en temps réel, prendre des décisions éclairées et améliorer l'efficacité opérationnelle. De plus, cette technologie ouvre la voie à des applications innovantes dans divers secteurs, tels que la santé, l'industrie et les transports.", 'additional_kwargs': {'refusal': None}, 'response_metadata': {'token_usage': {'completion_tokens': 145, 'prompt_tokens': 64, 'total_tokens': 209, 'completion_tokens_details': {'accepted_prediction_tokens': 0, 'audio_tokens': 0, 'reasoning_tokens': 0, 'rejected_prediction_tokens': 0}, 'prompt_tokens_details': {'audio_tokens': 0, 'cached_tokens': 0}}, 'model_name': 'gpt-4o-mini-2024-07-18', 'system_fingerprint': 'fp_34a54ae93c', 'id': 'chatcmpl-BxFwHmi97vLoHVPDbwq3bLFTAm1lw', 'service_tier': 'default', 'finish_reason': 'stop', 'logprobs': None}, 'type': 'ai', 'name': None, 'id': 'run--c7783e14-4332-424e-818a-671a7fbcef3d-0', 'example': False, 'tool_calls': [], 'invalid_tool_calls': [], 'usage_metadata': {'input_tokens': 64, 'output_tokens': 145, 'total_tokens': 209, 'input_token_details': {'audio': 0, 'cache_read': 0}, 'output_token_details': {'audio': 0, 'reasoning': 0}}}
2025-07-25-17-52-14|ARTICLE_WRITER|EXPANDER|gpt-4o-mini|0|Agents d'IA conversationnelle : Au-delà des questions et réponses|4.88|{'content': "Agents d'IA conversationnelle : Au-delà des questions et réponses\n\nLes agents d'intelligence artificielle conversationnelle ont évolué bien au-delà de simples outils de questions-réponses. Ils sont désormais capables de comprendre le contexte, d'analyser les émotions et de s'engager dans des dialogues plus naturels et fluides. Grâce à des avancées en traitement du langage naturel et en apprentissage automatique, ces agents peuvent également personnaliser leurs réponses en fonction des préférences de l'utilisateur, offrant ainsi une expérience plus enrichissante. De plus, ils sont utilisés dans divers domaines, allant du service client à l'éducation, en passant par le divertissement, démontrant leur polyvalence et leur potentiel dans la transformation des interactions humaines.", 'additional_kwargs': {'refusal': None}, 'response_metadata': {'token_usage': {'completion_tokens': 149, 'prompt_tokens': 61, 'total_tokens': 210, 'completion_tokens_details': {'accepted_prediction_tokens': 0, 'audio_tokens': 0, 'reasoning_tokens': 0, 'rejected_prediction_tokens': 0}, 'prompt_tokens_details': {'audio_tokens': 0, 'cached_tokens': 0}}, 'model_name': 'gpt-4o-mini-2024-07-18', 'system_fingerprint': 'fp_34a54ae93c', 'id': 'chatcmpl-BxFwQWWtkyvIrUNNTMgD1JksVaU5m', 'service_tier': 'default', 'finish_reason': 'stop', 'logprobs': None}, 'type': 'ai', 'name': None, 'id': 'run--0c69973b-01b8-4239-bd37-fe9ab681478c-0', 'example': False, 'tool_calls': [], 'invalid_tool_calls': [], 'usage_metadata': {'input_tokens': 61, 'output_tokens': 149, 'total_tokens': 210, 'input_token_details': {'audio': 0, 'cache_read': 0}, 'output_token_details': {'audio': 0, 'reasoning': 0}}}
2025-07-25-17-52-26|ARTICLE_WRITER|EXPANDER|gpt-4o-mini|0|Interopérabilité des agents IA : Faire fonctionner différents systèmes ensemble|3.49|{'content': "Interopérabilité des agents IA : Faire fonctionner différents systèmes ensemble\n\nL'interopérabilité des agents d'intelligence artificielle (IA) est un enjeu majeur dans le développement technologique actuel. Elle désigne la capacité de divers systèmes d'IA à travailler ensemble de manière fluide et efficace, permettant ainsi un échange d'informations et une collaboration harmonieuse. Cette interconnexion est essentielle pour maximiser les performances des systèmes, qu'il s'agisse d'applications industrielles, de services de santé ou de plateformes de communication. En favorisant l'intégration de différents agents, les organisations peuvent tirer parti des forces de chaque système, réduire les silos d'information et améliorer la prise de décision. L'avenir de l'IA repose sur cette capacité à interagir, ce qui ouvre la voie à des solutions innovantes et à des avancées significatives dans divers domaines.", 'additional_kwargs': {'refusal': None}, 'response_metadata': {'token_usage': {'completion_tokens': 176, 'prompt_tokens': 61, 'total_tokens': 237, 'completion_tokens_details': {'accepted_prediction_tokens': 0, 'audio_tokens': 0, 'reasoning_tokens': 0, 'rejected_prediction_tokens': 0}, 'prompt_tokens_details': {'audio_tokens': 0, 'cached_tokens': 0}}, 'model_name': 'gpt-4o-mini-2024-07-18', 'system_fingerprint': 'fp_34a54ae93c', 'id': 'chatcmpl-BxFwd6gdpIF1V7X4Eh1bMRg8wPWNv', 'service_tier': 'default', 'finish_reason': 'stop', 'logprobs': None}, 'type': 'ai', 'name': None, 'id': 'run--7a2853fa-75a4-4a8d-ad05-86b33e2a103f-0', 'example': False, 'tool_calls': [], 'invalid_tool_calls': [], 'usage_metadata': {'input_tokens': 61, 'output_tokens': 176, 'total_tokens': 237, 'input_token_details': {'audio': 0, 'cache_read': 0}, 'output_token_details': {'audio': 0, 'reasoning': 0}}}
2025-07-25-17-52-36|ARTICLE_WRITER|EXPANDER|gpt-4o-mini|0|L'impact environnemental de l'infrastructure des agents d'IA|3.05|{'content': "L'impact environnemental de l'infrastructure des agents d'IA est un sujet de plus en plus préoccupant à mesure que la technologie progresse. Les centres de données, qui alimentent ces systèmes intelligents, consomment d'énormes quantités d'énergie, souvent produite à partir de sources non renouvelables. Cette consommation énergétique contribue à l'empreinte carbone globale, exacerbant ainsi le changement climatique. De plus, la fabrication et l'élimination des équipements électroniques nécessaires à l'infrastructure de l'IA posent des défis environnementaux supplémentaires, notamment en termes de pollution et de gestion des déchets. Il est essentiel de développer des solutions durables, telles que l'utilisation d'énergies renouvelables et l'optimisation des algorithmes pour réduire l'empreinte écologique de ces technologies.", 'additional_kwargs': {'refusal': None}, 'response_metadata': {'token_usage': {'completion_tokens': 167, 'prompt_tokens': 62, 'total_tokens': 229, 'completion_tokens_details': {'accepted_prediction_tokens': 0, 'audio_tokens': 0, 'reasoning_tokens': 0, 'rejected_prediction_tokens': 0}, 'prompt_tokens_details': {'audio_tokens': 0, 'cached_tokens': 0}}, 'model_name': 'gpt-4o-mini-2024-07-18', 'system_fingerprint': 'fp_34a54ae93c', 'id': 'chatcmpl-BxFwnTRhl42XamZIiWWZPyc8tT5EK', 'service_tier': 'default', 'finish_reason': 'stop', 'logprobs': None}, 'type': 'ai', 'name': None, 'id': 'run--df55a9b6-54f6-42eb-8bcf-fa7fd00b19dd-0', 'example': False, 'tool_calls': [], 'invalid_tool_calls': [], 'usage_metadata': {'input_tokens': 62, 'output_tokens': 167, 'total_tokens': 229, 'input_token_details': {'audio': 0, 'cache_read': 0}, 'output_token_details': {'audio': 0, 'reasoning': 0}}}
2025-07-25-17-53-30|ARTICLE_WRITER|EXPANDER|gpt-4o-mini|0|Agents IA et Créativité Humaine : Collaboration, Pas Compétition|4.00|{'content': "Agents IA et Créativité Humaine : Collaboration, Pas Compétition\n\nDans un monde en constante évolution, l'intelligence artificielle (IA) et la créativité humaine ne doivent pas être perçues comme des forces opposées. Au contraire, elles peuvent coexister et s'enrichir mutuellement. Les agents IA, capables d'analyser d'énormes quantités de données et de générer des idées, offrent aux créateurs des outils puissants pour stimuler leur imagination. Par exemple, dans le domaine de l'art, les artistes peuvent utiliser des algorithmes pour explorer de nouvelles formes et styles, tout en ajoutant leur touche personnelle et leur sensibilité. Cette synergie entre l'IA et l'humain ouvre la voie à des innovations sans précédent, où la technologie devient un partenaire créatif plutôt qu'un rival. En fin de compte, embrasser cette collaboration peut mener à des œuvres d'une richesse et d'une profondeur inégalées.", 'additional_kwargs': {'refusal': None}, 'response_metadata': {'token_usage': {'completion_tokens': 197, 'prompt_tokens': 63, 'total_tokens': 260, 'completion_tokens_details': {'accepted_prediction_tokens': 0, 'audio_tokens': 0, 'reasoning_tokens': 0, 'rejected_prediction_tokens': 0}, 'prompt_tokens_details': {'audio_tokens': 0, 'cached_tokens': 0}}, 'model_name': 'gpt-4o-mini-2024-07-18', 'system_fingerprint': 'fp_34a54ae93c', 'id': 'chatcmpl-BxFxe5NFYuHv8LLj5DpYiJjhctgId', 'service_tier': 'default', 'finish_reason': 'stop', 'logprobs': None}, 'type': 'ai', 'name': None, 'id': 'run--4b8b12ca-9c25-49b7-9fff-953b06260078-0', 'example': False, 'tool_calls': [], 'invalid_tool_calls': [], 'usage_metadata': {'input_tokens': 63, 'output_tokens': 197, 'total_tokens': 260, 'input_token_details': {'audio': 0, 'cache_read': 0}, 'output_token_details': {'audio': 0, 'reasoning': 0}}}
