2025-07-25-10-26-04|ARTICLE_WRITER|PUBLISHER|gpt-4o-mini|0.5|Building Your First AI Agent: A Step-by-Step Guide...|can_be_posted='no' meets_word_count='no' is_not_sensationalistic='yes' is_correct_language='no'|6|28|1.57
2025-07-25-10-26-41|ARTICLE_WRITER|PUBLISHER|gpt-4o-mini|0.5|Building Your First AI Agent: A Step-by-Step Guide...|can_be_posted='no' meets_word_count='no' is_not_sensationalistic='yes' is_correct_language='no'|6|28|1.52
2025-07-25-10-26-44|ARTICLE_WRITER|PUBLISHER|gpt-4o-mini|0.5|Construire votre premier agent IA : Un guide étape par étape...|can_be_posted='no' meets_word_count='no' is_not_sensationalistic='yes' is_correct_language='yes'|6|28|0.88
2025-07-25-10-26-48|ARTICLE_WRITER|PUBLISHER|gpt-4o-mini|0.5|Construire votre premier agent IA : Un guide étape par étape

Créer un agen...|can_be_posted='yes' meets_word_count='yes' is_not_sensationalistic='yes' is_correct_language='yes'|6|28|0.91
2025-07-25-17-47-38|ARTICLE_WRITER|PUBLISHER|gpt-4o-mini|0.5|Building Your First AI Agent: A Step-by-Step Guide...|can_be_posted='no' meets_word_count='no' is_not_sensationalistic='yes' is_correct_language='no'|6|28|3.97
2025-07-25-17-47-41|ARTICLE_WRITER|PUBLISHER|gpt-4o-mini|0.5|Construire votre premier agent IA : un guide étape par étape...|can_be_posted='no' meets_word_count='no' is_not_sensationalistic='yes' is_correct_language='yes'|6|28|0.94
2025-07-25-17-47-46|ARTICLE_WRITER|PUBLISHER|gpt-4o-mini|0.5|Construire votre premier agent IA : un guide étape par étape

Créer un agen...|can_be_posted='yes' meets_word_count='yes' is_not_sensationalistic='yes' is_correct_language='yes'|6|28|0.74
2025-07-25-17-47-48|ARTICLE_WRITER|PUBLISHER|gpt-4o-mini|0.5|Why AI Agents Will Replace Traditional Software...|can_be_posted='no' meets_word_count='no' is_not_sensationalistic='yes' is_correct_language='no'|6|28|0.82
2025-07-25-17-47-51|ARTICLE_WRITER|PUBLISHER|gpt-4o-mini|0.5|Pourquoi les agents d'IA remplaceront les logiciels traditionnels...|can_be_posted='no' meets_word_count='no' is_not_sensationalistic='yes' is_correct_language='yes'|6|28|0.97
2025-07-25-17-47-57|ARTICLE_WRITER|PUBLISHER|gpt-4o-mini|0.5|Les agents d'intelligence artificielle (IA) sont en train de révolutionner ...|can_be_posted='yes' meets_word_count='yes' is_not_sensationalistic='yes' is_correct_language='yes'|6|28|2.46
2025-07-25-17-47-59|ARTICLE_WRITER|PUBLISHER|gpt-4o-mini|0.5|The Ethics of Autonomous AI Decision-Making...|can_be_posted='no' meets_word_count='no' is_not_sensationalistic='yes' is_correct_language='no'|6|28|1.20
2025-07-25-17-48-02|ARTICLE_WRITER|PUBLISHER|gpt-4o-mini|0.5|L'éthique de la prise de décision autonome par l'IA...|can_be_posted='no' meets_word_count='no' is_not_sensationalistic='yes' is_correct_language='yes'|6|28|1.09
2025-07-25-17-48-07|ARTICLE_WRITER|PUBLISHER|gpt-4o-mini|0.5|L'éthique de la prise de décision autonome par l'IA est un sujet de plus en...|can_be_posted='yes' meets_word_count='yes' is_not_sensationalistic='yes' is_correct_language='yes'|6|28|0.93
2025-07-25-17-48-09|ARTICLE_WRITER|PUBLISHER|gpt-4o-mini|0.5|Multi-Agent Systems: When AI Agents Work Together...|can_be_posted='no' meets_word_count='no' is_not_sensationalistic='yes' is_correct_language='no'|6|28|0.75
2025-07-25-17-48-12|ARTICLE_WRITER|PUBLISHER|gpt-4o-mini|0.5|Systèmes Multi-Agents : Quand les Agents IA Travaillent Ensemble...|can_be_posted='no' meets_word_count='no' is_not_sensationalistic='yes' is_correct_language='yes'|6|28|1.76
2025-07-25-17-48-15|ARTICLE_WRITER|PUBLISHER|gpt-4o-mini|0.5|Les systèmes multi-agents représentent une avancée fascinante dans le domai...|can_be_posted='yes' meets_word_count='yes' is_not_sensationalistic='yes' is_correct_language='yes'|6|28|0.94
2025-07-25-17-48-18|ARTICLE_WRITER|PUBLISHER|gpt-4o-mini|0.5|From Chatbots to AI Agents: The Evolution of Conversational AI...|can_be_posted='no' meets_word_count='no' is_not_sensationalistic='yes' is_correct_language='no'|6|28|1.26
2025-07-25-17-48-21|ARTICLE_WRITER|PUBLISHER|gpt-4o-mini|0.5|Des chatbots aux agents IA : L'évolution de l'IA conversationnelle...|can_be_posted='no' meets_word_count='no' is_not_sensationalistic='yes' is_correct_language='yes'|6|28|0.83
2025-07-25-17-48-26|ARTICLE_WRITER|PUBLISHER|gpt-4o-mini|0.5|Des chatbots aux agents IA : L'évolution de l'IA conversationnelle

L'intel...|can_be_posted='yes' meets_word_count='yes' is_not_sensationalistic='yes' is_correct_language='yes'|6|28|1.18
2025-07-25-17-48-30|ARTICLE_WRITER|PUBLISHER|gpt-4o-mini|0.5|AI Agent Security: Protecting Against Prompt Injection Attacks...|can_be_posted='no' meets_word_count='no' is_not_sensationalistic='yes' is_correct_language='no'|6|28|2.04
2025-07-25-17-48-33|ARTICLE_WRITER|PUBLISHER|gpt-4o-mini|0.5|Sécurité des agents d'IA : Protéger contre les attaques par injection de pr...|can_be_posted='no' meets_word_count='no' is_not_sensationalistic='yes' is_correct_language='yes'|6|28|1.02
2025-07-25-17-48-37|ARTICLE_WRITER|PUBLISHER|gpt-4o-mini|0.5|Sécurité des agents d'IA : Protéger contre les attaques par injection de pr...|can_be_posted='yes' meets_word_count='yes' is_not_sensationalistic='yes' is_correct_language='yes'|6|28|1.00
2025-07-25-17-48-39|ARTICLE_WRITER|PUBLISHER|gpt-4o-mini|0.5|The Future of Work: How AI Agents Will Transform Industries...|can_be_posted='no' meets_word_count='no' is_not_sensationalistic='yes' is_correct_language='no'|6|28|0.82
2025-07-25-17-48-42|ARTICLE_WRITER|PUBLISHER|gpt-4o-mini|0.5|L'avenir du travail : Comment les agents d'IA transformeront les industries...|can_be_posted='no' meets_word_count='no' is_not_sensationalistic='yes' is_correct_language='yes'|6|28|0.80
2025-07-25-17-48-47|ARTICLE_WRITER|PUBLISHER|gpt-4o-mini|0.5|L'avenir du travail : Comment les agents d'IA transformeront les industries...|can_be_posted='yes' meets_word_count='yes' is_not_sensationalistic='yes' is_correct_language='yes'|6|28|1.02
2025-07-25-17-48-49|ARTICLE_WRITER|PUBLISHER|gpt-4o-mini|0.5|Training AI Agents with Reinforcement Learning...|can_be_posted='no' meets_word_count='no' is_not_sensationalistic='yes' is_correct_language='no'|6|28|1.08
2025-07-25-17-48-55|ARTICLE_WRITER|PUBLISHER|gpt-4o-mini|0.5|Former des agents d'IA avec l'apprentissage par renforcement...|can_be_posted='no' meets_word_count='no' is_not_sensationalistic='yes' is_correct_language='yes'|6|28|0.81
2025-07-25-17-48-59|ARTICLE_WRITER|PUBLISHER|gpt-4o-mini|0.5|L'apprentissage par renforcement, une méthode clé dans le domaine de l'inte...|can_be_posted='yes' meets_word_count='yes' is_not_sensationalistic='yes' is_correct_language='yes'|6|28|0.85
2025-07-25-17-49-01|ARTICLE_WRITER|PUBLISHER|gpt-4o-mini|0.5|AI Agent Memory Systems: Making Machines Remember...|can_be_posted='no' meets_word_count='no' is_not_sensationalistic='yes' is_correct_language='no'|6|28|0.95
2025-07-25-17-49-04|ARTICLE_WRITER|PUBLISHER|gpt-4o-mini|0.5|Systèmes de Mémoire des Agents IA : Faire en Sorte que les Machines se Souv...|can_be_posted='no' meets_word_count='no' is_not_sensationalistic='yes' is_correct_language='yes'|6|28|0.97
2025-07-25-17-49-09|ARTICLE_WRITER|PUBLISHER|gpt-4o-mini|0.5|Systèmes de Mémoire des Agents IA : Faire en Sorte que les Machines se Souv...|can_be_posted='yes' meets_word_count='yes' is_not_sensationalistic='yes' is_correct_language='yes'|6|28|0.90
2025-07-25-17-49-11|ARTICLE_WRITER|PUBLISHER|gpt-4o-mini|0.5|Swarm Intelligence: What Ant Colonies Teach Us About AI...|can_be_posted='no' meets_word_count='no' is_not_sensationalistic='yes' is_correct_language='no'|6|28|0.84
2025-07-25-17-49-14|ARTICLE_WRITER|PUBLISHER|gpt-4o-mini|0.5|Intelligence des essaims : Ce que les colonies de fourmis nous apprennent s...|can_be_posted='no' meets_word_count='no' is_not_sensationalistic='yes' is_correct_language='yes'|6|28|1.74
2025-07-25-17-49-20|ARTICLE_WRITER|PUBLISHER|gpt-4o-mini|0.5|Intelligence des essaims : Ce que les colonies de fourmis nous apprennent s...|can_be_posted='yes' meets_word_count='yes' is_not_sensationalistic='yes' is_correct_language='yes'|6|28|1.12
2025-07-25-17-49-22|ARTICLE_WRITER|PUBLISHER|gpt-4o-mini|0.5|Building Trustworthy AI Agents for Healthcare...|can_be_posted='no' meets_word_count='no' is_not_sensationalistic='yes' is_correct_language='no'|6|28|1.00
2025-07-25-17-49-24|ARTICLE_WRITER|PUBLISHER|gpt-4o-mini|0.5|Construire des agents d'IA fiables pour la santé...|can_be_posted='no' meets_word_count='no' is_not_sensationalistic='yes' is_correct_language='yes'|6|28|1.23
2025-07-25-17-49-29|ARTICLE_WRITER|PUBLISHER|gpt-4o-mini|0.5|Construire des agents d'IA fiables pour la santé est un défi majeur qui néc...|can_be_posted='yes' meets_word_count='yes' is_not_sensationalistic='yes' is_correct_language='yes'|6|28|0.95
2025-07-25-17-49-32|ARTICLE_WRITER|PUBLISHER|gpt-4o-mini|0.5|The Economics of AI Agents: Cost vs. Human Labor...|can_be_posted='no' meets_word_count='no' is_not_sensationalistic='yes' is_correct_language='no'|6|28|1.76
2025-07-25-17-49-34|ARTICLE_WRITER|PUBLISHER|gpt-4o-mini|0.5|L'économie des agents d'IA : Coût vs. Travail humain...|can_be_posted='no' meets_word_count='no' is_not_sensationalistic='yes' is_correct_language='yes'|6|28|1.08
2025-07-25-17-49-38|ARTICLE_WRITER|PUBLISHER|gpt-4o-mini|0.5|L'économie des agents d'IA : Coût vs. Travail humain

Avec l'essor fulguran...|can_be_posted='yes' meets_word_count='yes' is_not_sensationalistic='yes' is_correct_language='yes'|6|28|1.22
2025-07-25-17-49-41|ARTICLE_WRITER|PUBLISHER|gpt-4o-mini|0.5|AI Agents in Gaming: Creating Intelligent NPCs...|can_be_posted='no' meets_word_count='no' is_not_sensationalistic='yes' is_correct_language='no'|6|28|0.93
2025-07-25-17-49-43|ARTICLE_WRITER|PUBLISHER|gpt-4o-mini|0.5|Agents IA dans les jeux vidéo : Créer des PNJ intelligents...|can_be_posted='no' meets_word_count='no' is_not_sensationalistic='yes' is_correct_language='yes'|6|28|1.08
2025-07-25-17-49-47|ARTICLE_WRITER|PUBLISHER|gpt-4o-mini|0.5|Les agents intelligents (IA) dans les jeux vidéo jouent un rôle crucial dan...|can_be_posted='yes' meets_word_count='yes' is_not_sensationalistic='yes' is_correct_language='yes'|6|28|0.90
2025-07-25-17-49-49|ARTICLE_WRITER|PUBLISHER|gpt-4o-mini|0.5|Debugging AI Agent Behavior: Tools and Techniques...|can_be_posted='no' meets_word_count='no' is_not_sensationalistic='yes' is_correct_language='no'|6|28|0.72
2025-07-25-17-49-51|ARTICLE_WRITER|PUBLISHER|gpt-4o-mini|0.5|Débogage du Comportement des Agents IA : Outils et Techniques...|can_be_posted='no' meets_word_count='no' is_not_sensationalistic='yes' is_correct_language='yes'|6|28|0.87
2025-07-25-17-49-56|ARTICLE_WRITER|PUBLISHER|gpt-4o-mini|0.5|Débogage du Comportement des Agents IA : Outils et Techniques

Le débogage ...|can_be_posted='yes' meets_word_count='yes' is_not_sensationalistic='yes' is_correct_language='yes'|6|28|1.28
2025-07-25-17-49-58|ARTICLE_WRITER|PUBLISHER|gpt-4o-mini|0.5|AI Agent Orchestration: Managing Complex Workflows...|can_be_posted='no' meets_word_count='no' is_not_sensationalistic='yes' is_correct_language='no'|6|28|0.68
2025-07-25-17-50-01|ARTICLE_WRITER|PUBLISHER|gpt-4o-mini|0.5|Orchestration des agents IA : Gestion des flux de travail complexes...|can_be_posted='no' meets_word_count='no' is_not_sensationalistic='yes' is_correct_language='yes'|6|28|1.28
2025-07-25-17-50-05|ARTICLE_WRITER|PUBLISHER|gpt-4o-mini|0.5|Orchestration des agents IA : Gestion des flux de travail complexes

L'orch...|can_be_posted='yes' meets_word_count='yes' is_not_sensationalistic='yes' is_correct_language='yes'|6|28|0.90
2025-07-25-17-50-08|ARTICLE_WRITER|PUBLISHER|gpt-4o-mini|0.5|Natural Language Processing for AI Agent Communication...|can_be_posted='no' meets_word_count='no' is_not_sensationalistic='yes' is_correct_language='no'|6|28|1.36
2025-07-25-17-50-10|ARTICLE_WRITER|PUBLISHER|gpt-4o-mini|0.5|Traitement du langage naturel pour la communication des agents IA...|can_be_posted='no' meets_word_count='no' is_not_sensationalistic='yes' is_correct_language='yes'|6|28|1.09
2025-07-25-17-50-15|ARTICLE_WRITER|PUBLISHER|gpt-4o-mini|0.5|Le traitement du langage naturel (TLN) joue un rôle crucial dans la communi...|can_be_posted='yes' meets_word_count='yes' is_not_sensationalistic='yes' is_correct_language='yes'|6|28|0.76
2025-07-25-17-50-17|ARTICLE_WRITER|PUBLISHER|gpt-4o-mini|0.5|AI Agents and Privacy: Balancing Personalization with Protection...|can_be_posted='no' meets_word_count='no' is_not_sensationalistic='yes' is_correct_language='no'|6|28|1.09
2025-07-25-17-50-20|ARTICLE_WRITER|PUBLISHER|gpt-4o-mini|0.5|Agents IA et Confidentialité : Équilibrer Personnalisation et Protection...|can_be_posted='no' meets_word_count='no' is_not_sensationalistic='yes' is_correct_language='yes'|6|28|1.07
2025-07-25-17-50-25|ARTICLE_WRITER|PUBLISHER|gpt-4o-mini|0.5|Agents IA et Confidentialité : Équilibrer Personnalisation et Protection

L...|can_be_posted='yes' meets_word_count='yes' is_not_sensationalistic='yes' is_correct_language='yes'|6|28|1.28
2025-07-25-17-50-27|ARTICLE_WRITER|PUBLISHER|gpt-4o-mini|0.5|Building Explainable AI Agents for Critical Applications...|can_be_posted='no' meets_word_count='no' is_not_sensationalistic='yes' is_correct_language='no'|6|28|1.24
2025-07-25-17-50-29|ARTICLE_WRITER|PUBLISHER|gpt-4o-mini|0.5|Construire des agents d'IA explicables pour des applications critiques...|can_be_posted='no' meets_word_count='no' is_not_sensationalistic='yes' is_correct_language='yes'|6|28|0.94
2025-07-25-17-50-36|ARTICLE_WRITER|PUBLISHER|gpt-4o-mini|0.5|Construire des agents d'IA explicables pour des applications critiques est ...|can_be_posted='yes' meets_word_count='yes' is_not_sensationalistic='yes' is_correct_language='yes'|6|28|0.89
2025-07-25-17-50-39|ARTICLE_WRITER|PUBLISHER|gpt-4o-mini|0.5|AI Agent Testing: Ensuring Reliability in Production...|can_be_posted='no' meets_word_count='no' is_not_sensationalistic='yes' is_correct_language='no'|6|28|0.96
2025-07-25-17-50-41|ARTICLE_WRITER|PUBLISHER|gpt-4o-mini|0.5|Test des agents d'IA : Assurer la fiabilité en production...|can_be_posted='no' meets_word_count='no' is_not_sensationalistic='yes' is_correct_language='yes'|6|28|1.00
2025-07-25-17-50-45|ARTICLE_WRITER|PUBLISHER|gpt-4o-mini|0.5|Test des agents d'IA : Assurer la fiabilité en production

Dans le domaine ...|can_be_posted='yes' meets_word_count='yes' is_not_sensationalistic='yes' is_correct_language='yes'|6|28|0.77
2025-07-25-17-50-47|ARTICLE_WRITER|PUBLISHER|gpt-4o-mini|0.5|The Role of AI Agents in Scientific Discovery...|can_be_posted='no' meets_word_count='no' is_not_sensationalistic='yes' is_correct_language='no'|6|28|0.87
2025-07-25-17-50-50|ARTICLE_WRITER|PUBLISHER|gpt-4o-mini|0.5|Le Rôle des Agents IA dans la Découverte Scientifique...|can_be_posted='no' meets_word_count='no' is_not_sensationalistic='yes' is_correct_language='yes'|6|28|0.90
2025-07-25-17-50-57|ARTICLE_WRITER|PUBLISHER|gpt-4o-mini|0.5|Le Rôle des Agents IA dans la Découverte Scientifique

L'intelligence artif...|can_be_posted='yes' meets_word_count='yes' is_not_sensationalistic='yes' is_correct_language='yes'|6|28|1.06
2025-07-25-17-50-59|ARTICLE_WRITER|PUBLISHER|gpt-4o-mini|0.5|Democratizing AI: Making Agent Development Accessible...|can_be_posted='no' meets_word_count='no' is_not_sensationalistic='yes' is_correct_language='no'|6|28|1.24
2025-07-25-17-51-04|ARTICLE_WRITER|PUBLISHER|gpt-4o-mini|0.5|Démocratiser l'IA : Rendre le développement d'agents accessible...|can_be_posted='no' meets_word_count='no' is_not_sensationalistic='yes' is_correct_language='yes'|6|28|1.11
2025-07-25-17-51-12|ARTICLE_WRITER|PUBLISHER|gpt-4o-mini|0.5|Démocratiser l'IA : Rendre le développement d'agents accessible

L'intellig...|can_be_posted='yes' meets_word_count='yes' is_not_sensationalistic='yes' is_correct_language='yes'|6|28|4.03
2025-07-25-17-51-14|ARTICLE_WRITER|PUBLISHER|gpt-4o-mini|0.5|AI Agents and Creativity: Can Machines Be Truly Original?...|can_be_posted='no' meets_word_count='no' is_not_sensationalistic='yes' is_correct_language='no'|6|28|0.95
2025-07-25-17-51-20|ARTICLE_WRITER|PUBLISHER|gpt-4o-mini|0.5|Agents IA et Créativité : Les Machines Peuvent-elles Être Vraiment Original...|can_be_posted='no' meets_word_count='no' is_not_sensationalistic='yes' is_correct_language='yes'|6|28|1.98
2025-07-25-17-51-26|ARTICLE_WRITER|PUBLISHER|gpt-4o-mini|0.5|Agents IA et Créativité : Les Machines Peuvent-elles Être Vraiment Original...|can_be_posted='yes' meets_word_count='yes' is_not_sensationalistic='yes' is_correct_language='yes'|6|28|0.87
2025-07-25-17-51-27|ARTICLE_WRITER|PUBLISHER|gpt-4o-mini|0.5|Scaling AI Agent Deployments: Lessons from the Trenches...|can_be_posted='no' meets_word_count='no' is_not_sensationalistic='yes' is_correct_language='no'|6|28|0.84
2025-07-25-17-51-30|ARTICLE_WRITER|PUBLISHER|gpt-4o-mini|0.5|Déployer des agents d'IA à grande échelle : Leçons des tranchées...|can_be_posted='no' meets_word_count='no' is_not_sensationalistic='yes' is_correct_language='yes'|6|28|1.02
2025-07-25-17-51-34|ARTICLE_WRITER|PUBLISHER|gpt-4o-mini|0.5|Déployer des agents d'IA à grande échelle : Leçons des tranchées

L'impléme...|can_be_posted='yes' meets_word_count='yes' is_not_sensationalistic='yes' is_correct_language='yes'|6|28|0.81
2025-07-25-17-51-36|ARTICLE_WRITER|PUBLISHER|gpt-4o-mini|0.5|AI Agent Bias: Detection and Mitigation Strategies...|can_be_posted='no' meets_word_count='no' is_not_sensationalistic='yes' is_correct_language='no'|6|28|0.87
2025-07-25-17-51-39|ARTICLE_WRITER|PUBLISHER|gpt-4o-mini|0.5|Biais des agents d'IA : stratégies de détection et d'atténuation...|can_be_posted='no' meets_word_count='no' is_not_sensationalistic='yes' is_correct_language='yes'|6|28|1.00
2025-07-25-17-51-43|ARTICLE_WRITER|PUBLISHER|gpt-4o-mini|0.5|Les biais des agents d'intelligence artificielle (IA) représentent un défi ...|can_be_posted='yes' meets_word_count='yes' is_not_sensationalistic='yes' is_correct_language='yes'|6|28|1.16
2025-07-25-17-51-45|ARTICLE_WRITER|PUBLISHER|gpt-4o-mini|0.5|The Neuroscience Behind AI Agent Decision-Making...|can_be_posted='no' meets_word_count='no' is_not_sensationalistic='yes' is_correct_language='no'|6|28|0.81
2025-07-25-17-51-48|ARTICLE_WRITER|PUBLISHER|gpt-4o-mini|0.5|La neuroscience derrière la prise de décision des agents d'IA...|can_be_posted='no' meets_word_count='no' is_not_sensationalistic='yes' is_correct_language='yes'|6|28|1.46
2025-07-25-17-51-55|ARTICLE_WRITER|PUBLISHER|gpt-4o-mini|0.5|La neuroscience derrière la prise de décision des agents d'IA est un domain...|can_be_posted='yes' meets_word_count='yes' is_not_sensationalistic='yes' is_correct_language='yes'|6|28|0.99
2025-07-25-17-51-58|ARTICLE_WRITER|PUBLISHER|gpt-4o-mini|0.5|AI Agents in Edge Computing: Processing at the Source...|can_be_posted='no' meets_word_count='no' is_not_sensationalistic='yes' is_correct_language='no'|6|28|1.00
2025-07-25-17-52-00|ARTICLE_WRITER|PUBLISHER|gpt-4o-mini|0.5|Agents IA dans l'informatique en périphérie : Traitement à la source...|can_be_posted='no' meets_word_count='no' is_not_sensationalistic='yes' is_correct_language='yes'|6|28|0.91
2025-07-25-17-52-05|ARTICLE_WRITER|PUBLISHER|gpt-4o-mini|0.5|Les agents d'intelligence artificielle (IA) jouent un rôle crucial dans l'i...|can_be_posted='yes' meets_word_count='yes' is_not_sensationalistic='yes' is_correct_language='yes'|6|28|0.88
2025-07-25-17-52-07|ARTICLE_WRITER|PUBLISHER|gpt-4o-mini|0.5|Conversational AI Agents: Beyond Question and Answer...|can_be_posted='no' meets_word_count='no' is_not_sensationalistic='yes' is_correct_language='no'|6|28|1.04
2025-07-25-17-52-09|ARTICLE_WRITER|PUBLISHER|gpt-4o-mini|0.5|Agents d'IA conversationnelle : Au-delà des questions et réponses...|can_be_posted='no' meets_word_count='no' is_not_sensationalistic='yes' is_correct_language='yes'|6|28|1.06
2025-07-25-17-52-15|ARTICLE_WRITER|PUBLISHER|gpt-4o-mini|0.5|Agents d'IA conversationnelle : Au-delà des questions et réponses

Les agen...|can_be_posted='yes' meets_word_count='yes' is_not_sensationalistic='yes' is_correct_language='yes'|6|28|1.00
2025-07-25-17-52-18|ARTICLE_WRITER|PUBLISHER|gpt-4o-mini|0.5|AI Agent Interoperability: Making Different Systems Work Together...|can_be_posted='no' meets_word_count='no' is_not_sensationalistic='yes' is_correct_language='no'|6|28|1.46
2025-07-25-17-52-23|ARTICLE_WRITER|PUBLISHER|gpt-4o-mini|0.5|Interopérabilité des agents IA : Faire fonctionner différents systèmes ense...|can_be_posted='no' meets_word_count='no' is_not_sensationalistic='yes' is_correct_language='yes'|6|28|0.99
2025-07-25-17-52-28|ARTICLE_WRITER|PUBLISHER|gpt-4o-mini|0.5|Interopérabilité des agents IA : Faire fonctionner différents systèmes ense...|can_be_posted='yes' meets_word_count='yes' is_not_sensationalistic='yes' is_correct_language='yes'|6|28|1.91
2025-07-25-17-52-30|ARTICLE_WRITER|PUBLISHER|gpt-4o-mini|0.5|The Environmental Impact of AI Agent Infrastructure...|can_be_posted='no' meets_word_count='no' is_not_sensationalistic='yes' is_correct_language='no'|6|28|1.20
2025-07-25-17-52-33|ARTICLE_WRITER|PUBLISHER|gpt-4o-mini|0.5|L'impact environnemental de l'infrastructure des agents d'IA...|can_be_posted='no' meets_word_count='no' is_not_sensationalistic='yes' is_correct_language='yes'|6|28|0.95
2025-07-25-17-52-37|ARTICLE_WRITER|PUBLISHER|gpt-4o-mini|0.5|L'impact environnemental de l'infrastructure des agents d'IA est un sujet d...|can_be_posted='yes' meets_word_count='yes' is_not_sensationalistic='yes' is_correct_language='yes'|6|28|0.93
2025-07-25-17-52-49|ARTICLE_WRITER|PUBLISHER|gpt-4o-mini|0.5|AI Agents and Human Creativity: Collaboration, Not Competition...|can_be_posted='no' meets_word_count='no' is_not_sensationalistic='yes' is_correct_language='no'|6|28|0.94
2025-07-25-17-53-26|ARTICLE_WRITER|PUBLISHER|gpt-4o-mini|0.5|Agents IA et Créativité Humaine : Collaboration, Pas Compétition...|can_be_posted='no' meets_word_count='no' is_not_sensationalistic='yes' is_correct_language='yes'|6|28|1.28
2025-07-25-17-53-31|ARTICLE_WRITER|PUBLISHER|gpt-4o-mini|0.5|Agents IA et Créativité Humaine : Collaboration, Pas Compétition

Dans un m...|can_be_posted='yes' meets_word_count='yes' is_not_sensationalistic='yes' is_correct_language='yes'|6|28|0.83
