2025-07-22-17-42-26|ARTICLE_WRITER|PUBLISHER|gpt-4o-mini|0.5|Building Your First AI Agent: A Step-by-Step Guide...|can_be_posted='no' meets_word_count='no' is_not_sensationalistic='yes' is_correct_language='no'|6|29|1.33
2025-07-22-17-42-29|ARTICLE_WRITER|PUBLISHER|gpt-4o-mini|0.5|Construire votre premier agent IA : Un guide étape par étape...|can_be_posted='no' meets_word_count='no' is_not_sensationalistic='yes' is_correct_language='yes'|6|29|1.11
2025-07-22-17-42-34|ARTICLE_WRITER|PUBLISHER|gpt-4o-mini|0.5|Construire votre premier agent IA : Un guide étape par étape
Créer un agen...|can_be_posted='yes' meets_word_count='yes' is_not_sensationalistic='yes' is_correct_language='yes'|6|29|1.01
2025-07-22-17-42-38|ARTICLE_WRITER|PUBLISHER|gpt-4o-mini|0.5|Why AI Agents Will Replace Traditional Software...|can_be_posted='no' meets_word_count='no' is_not_sensationalistic='yes' is_correct_language='no'|6|29|2.48
2025-07-22-17-42-41|ARTICLE_WRITER|PUBLISHER|gpt-4o-mini|0.5|Pourquoi les agents d'IA remplaceront les logiciels traditionnels...|can_be_posted='no' meets_word_count='no' is_not_sensationalistic='yes' is_correct_language='yes'|6|29|1.01
2025-07-22-17-42-46|ARTICLE_WRITER|PUBLISHER|gpt-4o-mini|0.5|Les agents d'intelligence artificielle (IA) sont en passe de remplacer les ...|can_be_posted='yes' meets_word_count='yes' is_not_sensationalistic='yes' is_correct_language='yes'|6|29|1.17
2025-07-22-17-42-49|ARTICLE_WRITER|PUBLISHER|gpt-4o-mini|0.5|The Ethics of Autonomous AI Decision-Making...|can_be_posted='no' meets_word_count='no' is_not_sensationalistic='yes' is_correct_language='no'|6|29|0.92
2025-07-22-17-42-51|ARTICLE_WRITER|PUBLISHER|gpt-4o-mini|0.5|L'éthique de la prise de décision autonome par l'IA...|can_be_posted='no' meets_word_count='no' is_not_sensationalistic='yes' is_correct_language='yes'|6|29|0.82
2025-07-22-17-42-55|ARTICLE_WRITER|PUBLISHER|gpt-4o-mini|0.5|L'éthique de la prise de décision autonome par l'IA est un sujet de plus en...|can_be_posted='yes' meets_word_count='yes' is_not_sensationalistic='yes' is_correct_language='yes'|6|29|0.97
2025-07-22-17-42-57|ARTICLE_WRITER|PUBLISHER|gpt-4o-mini|0.5|Multi-Agent Systems: When AI Agents Work Together...|can_be_posted='no' meets_word_count='no' is_not_sensationalistic='yes' is_correct_language='no'|6|29|0.96
2025-07-22-17-42-59|ARTICLE_WRITER|PUBLISHER|gpt-4o-mini|0.5|Systèmes Multi-Agents : Quand les Agents IA Travaillent Ensemble...|can_be_posted='no' meets_word_count='no' is_not_sensationalistic='yes' is_correct_language='yes'|6|29|0.88
2025-07-22-17-43-04|ARTICLE_WRITER|PUBLISHER|gpt-4o-mini|0.5|Systèmes Multi-Agents : Quand les Agents IA Travaillent Ensemble
Les systè...|can_be_posted='yes' meets_word_count='yes' is_not_sensationalistic='yes' is_correct_language='yes'|6|29|1.00
2025-07-22-17-43-06|ARTICLE_WRITER|PUBLISHER|gpt-4o-mini|0.5|From Chatbots to AI Agents: The Evolution of Conversational AI...|can_be_posted='no' meets_word_count='no' is_not_sensationalistic='yes' is_correct_language='no'|6|29|0.93
2025-07-22-17-43-09|ARTICLE_WRITER|PUBLISHER|gpt-4o-mini|0.5|Des chatbots aux agents IA : L'évolution de l'IA conversationnelle...|can_be_posted='no' meets_word_count='no' is_not_sensationalistic='yes' is_correct_language='yes'|6|29|0.96
2025-07-22-17-43-17|ARTICLE_WRITER|PUBLISHER|gpt-4o-mini|0.5|Des chatbots aux agents IA : L'évolution de l'IA conversationnelle
L'intel...|can_be_posted='yes' meets_word_count='yes' is_not_sensationalistic='yes' is_correct_language='yes'|6|29|3.34
2025-07-22-17-43-20|ARTICLE_WRITER|PUBLISHER|gpt-4o-mini|0.5|AI Agent Security: Protecting Against Prompt Injection Attacks...|can_be_posted='no' meets_word_count='no' is_not_sensationalistic='yes' is_correct_language='no'|6|29|1.09
2025-07-22-17-43-23|ARTICLE_WRITER|PUBLISHER|gpt-4o-mini|0.5|Sécurité des agents d'IA : Protéger contre les attaques par injection de pr...|can_be_posted='no' meets_word_count='no' is_not_sensationalistic='yes' is_correct_language='yes'|6|29|1.46
2025-07-22-17-43-28|ARTICLE_WRITER|PUBLISHER|gpt-4o-mini|0.5|Sécurité des agents d'IA : Protéger contre les attaques par injection de pr...|can_be_posted='yes' meets_word_count='yes' is_not_sensationalistic='yes' is_correct_language='yes'|6|29|1.11
2025-07-22-17-43-30|ARTICLE_WRITER|PUBLISHER|gpt-4o-mini|0.5|The Future of Work: How AI Agents Will Transform Industries...|can_be_posted='no' meets_word_count='no' is_not_sensationalistic='yes' is_correct_language='no'|6|29|1.06
2025-07-22-17-43-34|ARTICLE_WRITER|PUBLISHER|gpt-4o-mini|0.5|L'avenir du travail : Comment les agents d'IA transformeront les industries...|can_be_posted='no' meets_word_count='no' is_not_sensationalistic='yes' is_correct_language='yes'|6|29|1.25
2025-07-22-17-43-40|ARTICLE_WRITER|PUBLISHER|gpt-4o-mini|0.5|L'avenir du travail : Comment les agents d'IA transformeront les industries...|can_be_posted='yes' meets_word_count='yes' is_not_sensationalistic='yes' is_correct_language='yes'|6|29|1.35
2025-07-22-17-43-42|ARTICLE_WRITER|PUBLISHER|gpt-4o-mini|0.5|Training AI Agents with Reinforcement Learning...|can_be_posted='no' meets_word_count='no' is_not_sensationalistic='yes' is_correct_language='no'|6|29|0.88
2025-07-22-17-43-45|ARTICLE_WRITER|PUBLISHER|gpt-4o-mini|0.5|Former des agents d'IA avec l'apprentissage par renforcement...|can_be_posted='no' meets_word_count='no' is_not_sensationalistic='yes' is_correct_language='yes'|6|29|1.17
2025-07-22-17-43-52|ARTICLE_WRITER|PUBLISHER|gpt-4o-mini|0.5|L'apprentissage par renforcement est une technique d'intelligence artificie...|can_be_posted='yes' meets_word_count='yes' is_not_sensationalistic='yes' is_correct_language='yes'|6|29|1.73
2025-07-22-17-43-55|ARTICLE_WRITER|PUBLISHER|gpt-4o-mini|0.5|AI Agent Memory Systems: Making Machines Remember...|can_be_posted='no' meets_word_count='no' is_not_sensationalistic='yes' is_correct_language='no'|6|29|1.35
2025-07-22-17-43-58|ARTICLE_WRITER|PUBLISHER|gpt-4o-mini|0.5|Systèmes de Mémoire des Agents IA : Faire en Sorte que les Machines se Souv...|can_be_posted='no' meets_word_count='no' is_not_sensationalistic='yes' is_correct_language='yes'|6|29|1.25
2025-07-22-17-44-06|ARTICLE_WRITER|PUBLISHER|gpt-4o-mini|0.5|Systèmes de Mémoire des Agents IA : Faire en Sorte que les Machines se Souv...|can_be_posted='yes' meets_word_count='yes' is_not_sensationalistic='yes' is_correct_language='yes'|6|29|1.88
2025-07-22-17-44-08|ARTICLE_WRITER|PUBLISHER|gpt-4o-mini|0.5|Swarm Intelligence: What Ant Colonies Teach Us About AI...|can_be_posted='no' meets_word_count='no' is_not_sensationalistic='yes' is_correct_language='no'|6|29|1.03
2025-07-22-17-44-19|ARTICLE_WRITER|PUBLISHER|gpt-4o-mini|0.5|Intelligence Collective : Ce que les Colonies de Fourmis Nous Apprennent su...|can_be_posted='no' meets_word_count='no' is_not_sensationalistic='yes' is_correct_language='yes'|6|29|9.06
2025-07-22-17-44-25|ARTICLE_WRITER|PUBLISHER|gpt-4o-mini|0.5|Intelligence Collective : Ce que les Colonies de Fourmis Nous Apprennent su...|can_be_posted='yes' meets_word_count='yes' is_not_sensationalistic='yes' is_correct_language='yes'|6|29|0.97
2025-07-22-17-44-26|ARTICLE_WRITER|PUBLISHER|gpt-4o-mini|0.5|Building Trustworthy AI Agents for Healthcare...|can_be_posted='no' meets_word_count='no' is_not_sensationalistic='yes' is_correct_language='no'|6|29|0.85
2025-07-22-17-44-29|ARTICLE_WRITER|PUBLISHER|gpt-4o-mini|0.5|Construire des agents d'IA fiables pour la santé...|can_be_posted='no' meets_word_count='no' is_not_sensationalistic='yes' is_correct_language='yes'|6|29|0.95
2025-07-22-17-44-34|ARTICLE_WRITER|PUBLISHER|gpt-4o-mini|0.5|Construire des agents d'IA fiables pour la santé est un défi crucial dans l...|can_be_posted='yes' meets_word_count='yes' is_not_sensationalistic='yes' is_correct_language='yes'|6|29|0.77
2025-07-22-17-44-36|ARTICLE_WRITER|PUBLISHER|gpt-4o-mini|0.5|The Economics of AI Agents: Cost vs. Human Labor...|can_be_posted='no' meets_word_count='no' is_not_sensationalistic='yes' is_correct_language='no'|6|29|1.49
2025-07-22-17-44-40|ARTICLE_WRITER|PUBLISHER|gpt-4o-mini|0.5|L'économie des agents d'IA : Coût vs. Travail humain...|can_be_posted='no' meets_word_count='no' is_not_sensationalistic='yes' is_correct_language='yes'|6|29|1.18
2025-07-22-17-44-46|ARTICLE_WRITER|PUBLISHER|gpt-4o-mini|0.5|L'économie des agents d'IA : Coût vs. Travail humain
L'émergence des agent...|can_be_posted='yes' meets_word_count='yes' is_not_sensationalistic='yes' is_correct_language='yes'|6|29|0.99
2025-07-22-17-44-49|ARTICLE_WRITER|PUBLISHER|gpt-4o-mini|0.5|AI Agents in Gaming: Creating Intelligent NPCs...|can_be_posted='no' meets_word_count='no' is_not_sensationalistic='yes' is_correct_language='no'|6|29|1.07
2025-07-22-17-44-51|ARTICLE_WRITER|PUBLISHER|gpt-4o-mini|0.5|Agents IA dans les jeux vidéo : Créer des PNJ intelligents...|can_be_posted='no' meets_word_count='no' is_not_sensationalistic='yes' is_correct_language='yes'|6|29|1.14
2025-07-22-17-44-58|ARTICLE_WRITER|PUBLISHER|gpt-4o-mini|0.5|Les agents intelligents artificiels (IA) dans les jeux vidéo révolutionnent...|can_be_posted='yes' meets_word_count='yes' is_not_sensationalistic='yes' is_correct_language='yes'|6|29|2.56
2025-07-22-17-45-03|ARTICLE_WRITER|PUBLISHER|gpt-4o-mini|0.5|Debugging AI Agent Behavior: Tools and Techniques...|can_be_posted='no' meets_word_count='no' is_not_sensationalistic='yes' is_correct_language='no'|6|29|1.19
2025-07-22-17-45-07|ARTICLE_WRITER|PUBLISHER|gpt-4o-mini|0.5|Débogage du Comportement des Agents IA : Outils et Techniques...|can_be_posted='no' meets_word_count='no' is_not_sensationalistic='yes' is_correct_language='yes'|6|29|2.23
2025-07-22-17-45-12|ARTICLE_WRITER|PUBLISHER|gpt-4o-mini|0.5|Débogage du Comportement des Agents IA : Outils et Techniques
Le débogage ...|can_be_posted='yes' meets_word_count='yes' is_not_sensationalistic='yes' is_correct_language='yes'|6|29|1.01
2025-07-22-17-45-21|ARTICLE_WRITER|PUBLISHER|gpt-4o-mini|0.5|AI Agent Orchestration: Managing Complex Workflows...|can_be_posted='no' meets_word_count='no' is_not_sensationalistic='yes' is_correct_language='no'|6|29|1.11
2025-07-22-17-45-23|ARTICLE_WRITER|PUBLISHER|gpt-4o-mini|0.5|Orchestration des agents IA : Gestion des flux de travail complexes...|can_be_posted='no' meets_word_count='no' is_not_sensationalistic='yes' is_correct_language='yes'|6|29|0.82
2025-07-22-17-45-29|ARTICLE_WRITER|PUBLISHER|gpt-4o-mini|0.5|L'orchestration des agents d'intelligence artificielle (IA) joue un rôle cr...|can_be_posted='yes' meets_word_count='yes' is_not_sensationalistic='yes' is_correct_language='yes'|6|29|1.14
2025-07-22-17-45-31|ARTICLE_WRITER|PUBLISHER|gpt-4o-mini|0.5|Natural Language Processing for AI Agent Communication...|can_be_posted='no' meets_word_count='no' is_not_sensationalistic='yes' is_correct_language='no'|6|29|1.19
2025-07-22-17-45-34|ARTICLE_WRITER|PUBLISHER|gpt-4o-mini|0.5|Traitement du langage naturel pour la communication des agents IA...|can_be_posted='no' meets_word_count='no' is_not_sensationalistic='yes' is_correct_language='yes'|6|29|1.10
2025-07-22-17-45-42|ARTICLE_WRITER|PUBLISHER|gpt-4o-mini|0.5|Le traitement du langage naturel (TLN) joue un rôle essentiel dans la commu...|can_be_posted='yes' meets_word_count='yes' is_not_sensationalistic='yes' is_correct_language='yes'|6|29|2.56
2025-07-22-17-45-44|ARTICLE_WRITER|PUBLISHER|gpt-4o-mini|0.5|AI Agents and Privacy: Balancing Personalization with Protection...|can_be_posted='no' meets_word_count='no' is_not_sensationalistic='yes' is_correct_language='no'|6|29|1.03
2025-07-22-17-45-48|ARTICLE_WRITER|PUBLISHER|gpt-4o-mini|0.5|Agents IA et Confidentialité : Équilibrer Personnalisation et Protection...|can_be_posted='no' meets_word_count='no' is_not_sensationalistic='yes' is_correct_language='yes'|6|29|1.20
2025-07-22-17-45-54|ARTICLE_WRITER|PUBLISHER|gpt-4o-mini|0.5|Agents IA et Confidentialité : Équilibrer Personnalisation et Protection
D...|can_be_posted='yes' meets_word_count='yes' is_not_sensationalistic='yes' is_correct_language='yes'|6|29|0.97
2025-07-22-17-45-56|ARTICLE_WRITER|PUBLISHER|gpt-4o-mini|0.5|Building Explainable AI Agents for Critical Applications...|can_be_posted='no' meets_word_count='no' is_not_sensationalistic='yes' is_correct_language='no'|6|29|1.02
2025-07-22-17-45-59|ARTICLE_WRITER|PUBLISHER|gpt-4o-mini|0.5|Construire des agents d'IA explicables pour des applications critiques...|can_be_posted='no' meets_word_count='no' is_not_sensationalistic='yes' is_correct_language='yes'|6|29|1.18
2025-07-22-17-46-06|ARTICLE_WRITER|PUBLISHER|gpt-4o-mini|0.5|Construire des agents d'IA explicables pour des applications critiques est ...|can_be_posted='yes' meets_word_count='yes' is_not_sensationalistic='yes' is_correct_language='yes'|6|29|1.28
2025-07-22-17-46-08|ARTICLE_WRITER|PUBLISHER|gpt-4o-mini|0.5|AI Agent Testing: Ensuring Reliability in Production...|can_be_posted='no' meets_word_count='no' is_not_sensationalistic='yes' is_correct_language='no'|6|29|0.92
2025-07-22-17-46-11|ARTICLE_WRITER|PUBLISHER|gpt-4o-mini|0.5|Test des agents IA : Assurer la fiabilité en production...|can_be_posted='no' meets_word_count='no' is_not_sensationalistic='yes' is_correct_language='yes'|6|29|0.91
2025-07-22-17-46-20|ARTICLE_WRITER|PUBLISHER|gpt-4o-mini|0.5|Test des agents IA : Assurer la fiabilité en production
La fiabilité des a...|can_be_posted='yes' meets_word_count='yes' is_not_sensationalistic='yes' is_correct_language='yes'|6|29|0.86
2025-07-22-17-46-22|ARTICLE_WRITER|PUBLISHER|gpt-4o-mini|0.5|The Role of AI Agents in Scientific Discovery...|can_be_posted='no' meets_word_count='no' is_not_sensationalistic='yes' is_correct_language='no'|6|29|0.89
2025-07-22-17-46-25|ARTICLE_WRITER|PUBLISHER|gpt-4o-mini|0.5|Le Rôle des Agents IA dans la Découverte Scientifique...|can_be_posted='no' meets_word_count='no' is_not_sensationalistic='yes' is_correct_language='yes'|6|29|1.00
2025-07-22-17-46-30|ARTICLE_WRITER|PUBLISHER|gpt-4o-mini|0.5|Le Rôle des Agents IA dans la Découverte Scientifique
Les agents d'intelli...|can_be_posted='yes' meets_word_count='yes' is_not_sensationalistic='yes' is_correct_language='yes'|6|29|1.08
2025-07-22-17-46-32|ARTICLE_WRITER|PUBLISHER|gpt-4o-mini|0.5|Democratizing AI: Making Agent Development Accessible...|can_be_posted='no' meets_word_count='no' is_not_sensationalistic='yes' is_correct_language='no'|6|29|1.12
2025-07-22-17-46-35|ARTICLE_WRITER|PUBLISHER|gpt-4o-mini|0.5|Démocratiser l'IA : Rendre le développement d'agents accessible...|can_be_posted='no' meets_word_count='no' is_not_sensationalistic='yes' is_correct_language='yes'|6|29|0.96
2025-07-22-17-46-39|ARTICLE_WRITER|PUBLISHER|gpt-4o-mini|0.5|Démocratiser l'IA : Rendre le développement d'agents accessible
L'intellig...|can_be_posted='yes' meets_word_count='yes' is_not_sensationalistic='yes' is_correct_language='yes'|6|29|0.89
2025-07-22-17-46-41|ARTICLE_WRITER|PUBLISHER|gpt-4o-mini|0.5|AI Agents and Creativity: Can Machines Be Truly Original?...|can_be_posted='no' meets_word_count='no' is_not_sensationalistic='yes' is_correct_language='no'|6|29|0.94
2025-07-22-17-46-44|ARTICLE_WRITER|PUBLISHER|gpt-4o-mini|0.5|Agents IA et Créativité : Les Machines Peuvent-elles Être Vraiment Original...|can_be_posted='no' meets_word_count='no' is_not_sensationalistic='yes' is_correct_language='yes'|6|29|1.37
2025-07-22-17-46-51|ARTICLE_WRITER|PUBLISHER|gpt-4o-mini|0.5|Agents IA et Créativité : Les Machines Peuvent-elles Être Vraiment Original...|can_be_posted='yes' meets_word_count='yes' is_not_sensationalistic='yes' is_correct_language='yes'|6|29|1.42
2025-07-22-17-46-53|ARTICLE_WRITER|PUBLISHER|gpt-4o-mini|0.5|Scaling AI Agent Deployments: Lessons from the Trenches...|can_be_posted='no' meets_word_count='no' is_not_sensationalistic='yes' is_correct_language='no'|6|29|1.36
2025-07-22-17-46-56|ARTICLE_WRITER|PUBLISHER|gpt-4o-mini|0.5|Déployer des agents d'IA à grande échelle : Leçons du terrain...|can_be_posted='no' meets_word_count='no' is_not_sensationalistic='yes' is_correct_language='yes'|6|29|1.45
2025-07-22-17-47-01|ARTICLE_WRITER|PUBLISHER|gpt-4o-mini|0.5|Déployer des agents d'IA à grande échelle : Leçons du terrain
Le déploieme...|can_be_posted='yes' meets_word_count='yes' is_not_sensationalistic='yes' is_correct_language='yes'|6|29|0.85
2025-07-22-17-47-03|ARTICLE_WRITER|PUBLISHER|gpt-4o-mini|0.5|AI Agent Bias: Detection and Mitigation Strategies...|can_be_posted='no' meets_word_count='no' is_not_sensationalistic='yes' is_correct_language='no'|6|29|1.22
2025-07-22-17-47-12|ARTICLE_WRITER|PUBLISHER|gpt-4o-mini|0.5|Biais des agents d'IA : stratégies de détection et d'atténuation...|can_be_posted='no' meets_word_count='no' is_not_sensationalistic='yes' is_correct_language='yes'|6|29|1.22
2025-07-22-17-47-19|ARTICLE_WRITER|PUBLISHER|gpt-4o-mini|0.5|Biais des agents d'IA : stratégies de détection et d'atténuation
L'intelli...|can_be_posted='yes' meets_word_count='yes' is_not_sensationalistic='yes' is_correct_language='yes'|6|29|1.12
2025-07-22-17-47-21|ARTICLE_WRITER|PUBLISHER|gpt-4o-mini|0.5|The Neuroscience Behind AI Agent Decision-Making...|can_be_posted='no' meets_word_count='no' is_not_sensationalistic='yes' is_correct_language='no'|6|29|0.91
2025-07-22-17-47-24|ARTICLE_WRITER|PUBLISHER|gpt-4o-mini|0.5|La neuroscience derrière la prise de décision des agents d'IA...|can_be_posted='no' meets_word_count='no' is_not_sensationalistic='yes' is_correct_language='yes'|6|29|1.43
2025-07-22-17-47-29|ARTICLE_WRITER|PUBLISHER|gpt-4o-mini|0.5|La neuroscience derrière la prise de décision des agents d'IA est un domain...|can_be_posted='yes' meets_word_count='yes' is_not_sensationalistic='yes' is_correct_language='yes'|6|29|1.05
2025-07-22-17-47-34|ARTICLE_WRITER|PUBLISHER|gpt-4o-mini|0.5|AI Agents in Edge Computing: Processing at the Source...|can_be_posted='no' meets_word_count='no' is_not_sensationalistic='yes' is_correct_language='no'|6|29|1.62
2025-07-22-17-47-36|ARTICLE_WRITER|PUBLISHER|gpt-4o-mini|0.5|Agents IA dans l'informatique en périphérie : Traitement à la source...|can_be_posted='no' meets_word_count='no' is_not_sensationalistic='yes' is_correct_language='yes'|6|29|0.89
2025-07-22-17-47-41|ARTICLE_WRITER|PUBLISHER|gpt-4o-mini|0.5|Les agents d'intelligence artificielle (IA) jouent un rôle crucial dans le ...|can_be_posted='yes' meets_word_count='yes' is_not_sensationalistic='yes' is_correct_language='yes'|6|29|0.87
2025-07-22-17-47-43|ARTICLE_WRITER|PUBLISHER|gpt-4o-mini|0.5|Conversational AI Agents: Beyond Question and Answer...|can_be_posted='no' meets_word_count='no' is_not_sensationalistic='yes' is_correct_language='no'|6|29|1.06
2025-07-22-17-47-46|ARTICLE_WRITER|PUBLISHER|gpt-4o-mini|0.5|Agents d'IA conversationnelle : Au-delà des questions et réponses...|can_be_posted='no' meets_word_count='no' is_not_sensationalistic='yes' is_correct_language='yes'|6|29|1.13
2025-07-22-17-47-51|ARTICLE_WRITER|PUBLISHER|gpt-4o-mini|0.5|Agents d'IA conversationnelle : Au-delà des questions et réponses
Les agen...|can_be_posted='yes' meets_word_count='yes' is_not_sensationalistic='yes' is_correct_language='yes'|6|29|2.36
2025-07-22-17-47-54|ARTICLE_WRITER|PUBLISHER|gpt-4o-mini|0.5|AI Agent Interoperability: Making Different Systems Work Together...|can_be_posted='no' meets_word_count='no' is_not_sensationalistic='yes' is_correct_language='no'|6|29|1.54
2025-07-22-17-47-57|ARTICLE_WRITER|PUBLISHER|gpt-4o-mini|0.5|Interopérabilité des agents IA : Faire fonctionner différents systèmes ense...|can_be_posted='no' meets_word_count='no' is_not_sensationalistic='yes' is_correct_language='yes'|6|29|0.85
2025-07-22-17-48-03|ARTICLE_WRITER|PUBLISHER|gpt-4o-mini|0.5|Interopérabilité des agents IA : Faire fonctionner différents systèmes ense...|can_be_posted='yes' meets_word_count='yes' is_not_sensationalistic='yes' is_correct_language='yes'|6|29|1.24
2025-07-22-17-48-06|ARTICLE_WRITER|PUBLISHER|gpt-4o-mini|0.5|The Environmental Impact of AI Agent Infrastructure...|can_be_posted='no' meets_word_count='no' is_not_sensationalistic='yes' is_correct_language='no'|6|29|1.80
2025-07-22-17-48-11|ARTICLE_WRITER|PUBLISHER|gpt-4o-mini|0.5|L'impact environnemental de l'infrastructure des agents d'IA...|can_be_posted='no' meets_word_count='no' is_not_sensationalistic='yes' is_correct_language='yes'|6|29|1.82
2025-07-22-17-48-17|ARTICLE_WRITER|PUBLISHER|gpt-4o-mini|0.5|L'impact environnemental de l'infrastructure des agents d'IA est un sujet d...|can_be_posted='yes' meets_word_count='yes' is_not_sensationalistic='yes' is_correct_language='yes'|6|29|1.38
2025-07-22-17-48-20|ARTICLE_WRITER|PUBLISHER|gpt-4o-mini|0.5|AI Agents and Human Creativity: Collaboration, Not Competition...|can_be_posted='no' meets_word_count='no' is_not_sensationalistic='yes' is_correct_language='no'|6|29|1.27
2025-07-22-17-48-22|ARTICLE_WRITER|PUBLISHER|gpt-4o-mini|0.5|Agents IA et Créativité Humaine : Collaboration, Pas Compétition...|can_be_posted='no' meets_word_count='no' is_not_sensationalistic='yes' is_correct_language='yes'|6|29|1.08
2025-07-22-17-48-28|ARTICLE_WRITER|PUBLISHER|gpt-4o-mini|0.5|Agents IA et Créativité Humaine : Collaboration, Pas Compétition
L'émergen...|can_be_posted='yes' meets_word_count='yes' is_not_sensationalistic='yes' is_correct_language='yes'|6|29|1.07
