2025-07-22-17-42-33|ARTICLE_WRITER|EXPANDER|gpt-4o-mini|0|Construire votre premier agent IA : Un guide étape par étape|4.25|{'content': "Construire votre premier agent IA : Un guide étape par étape\n\nCréer un agent d'intelligence artificielle (IA) peut sembler intimidant, mais en suivant un guide étape par étape, cela devient une tâche réalisable. Tout commence par définir le problème que vous souhaitez résoudre. Ensuite, il est essentiel de choisir le bon type d'IA, qu'il s'agisse d'apprentissage supervisé, non supervisé ou par renforcement. Une fois que vous avez sélectionné votre approche, vous pouvez rassembler des données pertinentes pour entraîner votre modèle. Après cela, il est temps de développer l'algorithme et d'optimiser les paramètres. Enfin, n'oubliez pas de tester votre agent dans des scénarios réels pour évaluer son efficacité et apporter des ajustements si nécessaire. Avec de la patience et de la pratique, vous serez en mesure de créer un agent IA qui répond à vos besoins spécifiques.", 'additional_kwargs': {'refusal': None}, 'response_metadata': {'token_usage': {'completion_tokens': 186, 'prompt_tokens': 60, 'total_tokens': 246, 'completion_tokens_details': {'accepted_prediction_tokens': 0, 'audio_tokens': 0, 'reasoning_tokens': 0, 'rejected_prediction_tokens': 0}, 'prompt_tokens_details': {'audio_tokens': 0, 'cached_tokens': 0}}, 'model_name': 'gpt-4o-mini-2024-07-18', 'system_fingerprint': None, 'id': 'chatcmpl-BwAMO9ChUaDeRgf5AIVvwb2yZA1sJ', 'service_tier': 'default', 'finish_reason': 'stop', 'logprobs': None}, 'type': 'ai', 'name': None, 'id': 'run--022b2385-ee64-47d8-99a1-de152245bd03-0', 'example': False, 'tool_calls': [], 'invalid_tool_calls': [], 'usage_metadata': {'input_tokens': 60, 'output_tokens': 186, 'total_tokens': 246, 'input_token_details': {'audio': 0, 'cache_read': 0}, 'output_token_details': {'audio': 0, 'reasoning': 0}}}
2025-07-22-17-42-45|ARTICLE_WRITER|EXPANDER|gpt-4o-mini|0|Pourquoi les agents d'IA remplaceront les logiciels traditionnels|4.67|{'content': "Les agents d'intelligence artificielle (IA) sont en passe de remplacer les logiciels traditionnels pour plusieurs raisons convaincantes. Tout d'abord, ces agents sont capables d'apprendre et de s'adapter en temps réel, ce qui leur permet d'améliorer continuellement leurs performances. Contrairement aux logiciels traditionnels qui nécessitent des mises à jour manuelles, les agents d'IA peuvent analyser de grandes quantités de données et en tirer des enseignements autonomes. De plus, ils offrent une personnalisation avancée, répondant ainsi aux besoins spécifiques des utilisateurs de manière plus efficace. En intégrant des capacités de traitement du langage naturel et d'analyse prédictive, les agents d'IA révolutionnent la manière dont nous interagissons avec la technologie, rendant les processus plus fluides et intuitifs. Cette transition vers des systèmes intelligents promet non seulement d'augmenter l'efficacité, mais aussi de transformer les modèles d'affaires traditionnels, ouvrant la voie à une nouvelle ère d'innovation numérique.", 'additional_kwargs': {'refusal': None}, 'response_metadata': {'token_usage': {'completion_tokens': 208, 'prompt_tokens': 60, 'total_tokens': 268, 'completion_tokens_details': {'accepted_prediction_tokens': 0, 'audio_tokens': 0, 'reasoning_tokens': 0, 'rejected_prediction_tokens': 0}, 'prompt_tokens_details': {'audio_tokens': 0, 'cached_tokens': 0}}, 'model_name': 'gpt-4o-mini-2024-07-18', 'system_fingerprint': None, 'id': 'chatcmpl-BwAMZ5Lne3hZW7vV88Px0fDUltogl', 'service_tier': 'default', 'finish_reason': 'stop', 'logprobs': None}, 'type': 'ai', 'name': None, 'id': 'run--7f4b1fc6-3156-4c01-b63c-090e78b36c63-0', 'example': False, 'tool_calls': [], 'invalid_tool_calls': [], 'usage_metadata': {'input_tokens': 60, 'output_tokens': 208, 'total_tokens': 268, 'input_token_details': {'audio': 0, 'cache_read': 0}, 'output_token_details': {'audio': 0, 'reasoning': 0}}}
2025-07-22-17-42-54|ARTICLE_WRITER|EXPANDER|gpt-4o-mini|0|L'éthique de la prise de décision autonome par l'IA|3.04|{'content': "L'éthique de la prise de décision autonome par l'IA est un sujet de plus en plus crucial à mesure que les technologies avancent. La capacité des systèmes d'intelligence artificielle à prendre des décisions sans intervention humaine soulève des questions morales et éthiques significatives. Par exemple, qui est responsable des conséquences d'une décision prise par une IA ? Les développeurs, les utilisateurs ou l'IA elle-même ? De plus, il est essentiel de considérer les biais potentiels intégrés dans les algorithmes, qui peuvent influencer les résultats de manière injuste. La transparence et l'équité doivent être au cœur des discussions sur l'utilisation de l'IA, afin de garantir que ces technologies servent le bien commun tout en respectant les valeurs humaines fondamentales.", 'additional_kwargs': {'refusal': None}, 'response_metadata': {'token_usage': {'completion_tokens': 158, 'prompt_tokens': 61, 'total_tokens': 219, 'completion_tokens_details': {'accepted_prediction_tokens': 0, 'audio_tokens': 0, 'reasoning_tokens': 0, 'rejected_prediction_tokens': 0}, 'prompt_tokens_details': {'audio_tokens': 0, 'cached_tokens': 0}}, 'model_name': 'gpt-4o-mini-2024-07-18', 'system_fingerprint': None, 'id': 'chatcmpl-BwAMkRhx45zUMuIBr4UnRcX3SSCsW', 'service_tier': 'default', 'finish_reason': 'stop', 'logprobs': None}, 'type': 'ai', 'name': None, 'id': 'run--52e7e596-ad72-44ff-9958-ba8735b9cbe5-0', 'example': False, 'tool_calls': [], 'invalid_tool_calls': [], 'usage_metadata': {'input_tokens': 61, 'output_tokens': 158, 'total_tokens': 219, 'input_token_details': {'audio': 0, 'cache_read': 0}, 'output_token_details': {'audio': 0, 'reasoning': 0}}}
2025-07-22-17-43-03|ARTICLE_WRITER|EXPANDER|gpt-4o-mini|0|Systèmes Multi-Agents : Quand les Agents IA Travaillent Ensemble|3.64|{'content': "Systèmes Multi-Agents : Quand les Agents IA Travaillent Ensemble\n\nLes systèmes multi-agents représentent une approche innovante dans le domaine de l'intelligence artificielle, où plusieurs agents autonomes collaborent pour atteindre des objectifs communs. Ces agents, qui peuvent être des programmes informatiques ou des robots, interagissent entre eux pour partager des informations, résoudre des problèmes complexes et prendre des décisions. Cette coopération est essentielle dans des domaines variés tels que la robotique, la gestion des ressources, et même les simulations sociales. En exploitant les forces de chaque agent, les systèmes multi-agents peuvent améliorer l'efficacité et la robustesse des solutions proposées, ouvrant ainsi la voie à des applications révolutionnaires dans notre quotidien.", 'additional_kwargs': {'refusal': None}, 'response_metadata': {'token_usage': {'completion_tokens': 150, 'prompt_tokens': 63, 'total_tokens': 213, 'completion_tokens_details': {'accepted_prediction_tokens': 0, 'audio_tokens': 0, 'reasoning_tokens': 0, 'rejected_prediction_tokens': 0}, 'prompt_tokens_details': {'audio_tokens': 0, 'cached_tokens': 0}}, 'model_name': 'gpt-4o-mini-2024-07-18', 'system_fingerprint': None, 'id': 'chatcmpl-BwAMtDNmD1HFg82JS5an33cghkAWO', 'service_tier': 'default', 'finish_reason': 'stop', 'logprobs': None}, 'type': 'ai', 'name': None, 'id': 'run--366c0f31-034b-448a-877b-949ad5a3c5ba-0', 'example': False, 'tool_calls': [], 'invalid_tool_calls': [], 'usage_metadata': {'input_tokens': 63, 'output_tokens': 150, 'total_tokens': 213, 'input_token_details': {'audio': 0, 'cache_read': 0}, 'output_token_details': {'audio': 0, 'reasoning': 0}}}
2025-07-22-17-43-14|ARTICLE_WRITER|EXPANDER|gpt-4o-mini|0|Des chatbots aux agents IA : L'évolution de l'IA conversationnelle|5.22|{'content': "Des chatbots aux agents IA : L'évolution de l'IA conversationnelle\n\nL'intelligence artificielle conversationnelle a connu une évolution remarquable au fil des ans, passant de simples chatbots à des agents IA sophistiqués capables de comprendre et d'interagir de manière plus naturelle avec les utilisateurs. Les premiers chatbots, souvent basés sur des règles rigides, ne pouvaient gérer que des requêtes limitées, tandis que les agents IA modernes, alimentés par l'apprentissage automatique et le traitement du langage naturel, peuvent analyser des contextes complexes et offrir des réponses personnalisées. Cette transformation a révolutionné le service client, l'éducation et même la santé, rendant les interactions plus fluides et efficaces. À mesure que la technologie continue de progresser, l'avenir des agents IA semble prometteur, avec des applications encore plus variées et des capacités d'interaction améliorées.", 'additional_kwargs': {'refusal': None}, 'response_metadata': {'token_usage': {'completion_tokens': 181, 'prompt_tokens': 63, 'total_tokens': 244, 'completion_tokens_details': {'accepted_prediction_tokens': 0, 'audio_tokens': 0, 'reasoning_tokens': 0, 'rejected_prediction_tokens': 0}, 'prompt_tokens_details': {'audio_tokens': 0, 'cached_tokens': 0}}, 'model_name': 'gpt-4o-mini-2024-07-18', 'system_fingerprint': None, 'id': 'chatcmpl-BwAN2IPFqEFiZeFxBnu7tqq1u0dX2', 'service_tier': 'default', 'finish_reason': 'stop', 'logprobs': None}, 'type': 'ai', 'name': None, 'id': 'run--8fc2cef9-86b9-4d10-b858-0fa5b0a1fa55-0', 'example': False, 'tool_calls': [], 'invalid_tool_calls': [], 'usage_metadata': {'input_tokens': 63, 'output_tokens': 181, 'total_tokens': 244, 'input_token_details': {'audio': 0, 'cache_read': 0}, 'output_token_details': {'audio': 0, 'reasoning': 0}}}
2025-07-22-17-43-27|ARTICLE_WRITER|EXPANDER|gpt-4o-mini|0|Sécurité des agents d'IA : Protéger contre les attaques par injection de prompt|4.40|{'content': "Sécurité des agents d'IA : Protéger contre les attaques par injection de prompt\n\nLa sécurité des agents d'intelligence artificielle est devenue une préoccupation majeure dans le développement et l'utilisation de ces technologies avancées. L'une des menaces les plus préoccupantes est l'attaque par injection de prompt, où des utilisateurs malveillants exploitent les faiblesses des systèmes d'IA pour manipuler leurs réponses. Ces attaques peuvent compromettre l'intégrité des résultats générés et causer des dommages significatifs, tant sur le plan financier que sur la réputation des entreprises. Pour contrer ces risques, il est essentiel de mettre en place des protocoles de sécurité robustes, notamment des filtres de contenu, des vérifications contextuelles et une formation continue des modèles. En investissant dans des solutions de sécurité adaptées, les organisations peuvent protéger leurs agents d'IA et garantir un usage éthique et responsable de ces technologies.", 'additional_kwargs': {'refusal': None}, 'response_metadata': {'token_usage': {'completion_tokens': 192, 'prompt_tokens': 66, 'total_tokens': 258, 'completion_tokens_details': {'accepted_prediction_tokens': 0, 'audio_tokens': 0, 'reasoning_tokens': 0, 'rejected_prediction_tokens': 0}, 'prompt_tokens_details': {'audio_tokens': 0, 'cached_tokens': 0}}, 'model_name': 'gpt-4o-mini-2024-07-18', 'system_fingerprint': None, 'id': 'chatcmpl-BwANG7U8RPiRqjYyCKa1EEpRcU36H', 'service_tier': 'default', 'finish_reason': 'stop', 'logprobs': None}, 'type': 'ai', 'name': None, 'id': 'run--b520d626-bf56-429f-8ec2-f79e5cadc640-0', 'example': False, 'tool_calls': [], 'invalid_tool_calls': [], 'usage_metadata': {'input_tokens': 66, 'output_tokens': 192, 'total_tokens': 258, 'input_token_details': {'audio': 0, 'cache_read': 0}, 'output_token_details': {'audio': 0, 'reasoning': 0}}}
2025-07-22-17-43-38|ARTICLE_WRITER|EXPANDER|gpt-4o-mini|0|L'avenir du travail : Comment les agents d'IA transformeront les industries|4.80|{'content': "L'avenir du travail : Comment les agents d'IA transformeront les industries\n\nL'émergence des agents d'intelligence artificielle (IA) est en train de redéfinir le paysage industriel et professionnel. Ces technologies avancées, capables d'apprendre et de s'adapter, promettent d'optimiser les processus, d'améliorer l'efficacité et de réduire les coûts opérationnels. Dans des secteurs tels que la santé, la finance et la logistique, les agents d'IA prennent en charge des tâches répétitives et analytiques, permettant aux travailleurs humains de se concentrer sur des missions plus créatives et stratégiques. Cependant, cette transformation soulève également des questions cruciales sur l'avenir de l'emploi, la nécessité de requalifier la main-d'œuvre et les implications éthiques de l'automatisation. En somme, l'intégration des agents d'IA dans les industries pourrait bien être à la fois une opportunité et un défi majeur pour les travailleurs et les entreprises.", 'additional_kwargs': {'refusal': None}, 'response_metadata': {'token_usage': {'completion_tokens': 207, 'prompt_tokens': 63, 'total_tokens': 270, 'completion_tokens_details': {'accepted_prediction_tokens': 0, 'audio_tokens': 0, 'reasoning_tokens': 0, 'rejected_prediction_tokens': 0}, 'prompt_tokens_details': {'audio_tokens': 0, 'cached_tokens': 0}}, 'model_name': 'gpt-4o-mini-2024-07-18', 'system_fingerprint': None, 'id': 'chatcmpl-BwANQG2bmDJMdwveVWqB2yacO9Wvw', 'service_tier': 'default', 'finish_reason': 'stop', 'logprobs': None}, 'type': 'ai', 'name': None, 'id': 'run--1b653e0a-9838-4856-a07d-120767456170-0', 'example': False, 'tool_calls': [], 'invalid_tool_calls': [], 'usage_metadata': {'input_tokens': 63, 'output_tokens': 207, 'total_tokens': 270, 'input_token_details': {'audio': 0, 'cache_read': 0}, 'output_token_details': {'audio': 0, 'reasoning': 0}}}
2025-07-22-17-43-50|ARTICLE_WRITER|EXPANDER|gpt-4o-mini|0|Former des agents d'IA avec l'apprentissage par renforcement|5.07|{'content': "L'apprentissage par renforcement est une technique d'intelligence artificielle qui permet aux agents d'apprendre à partir de leurs interactions avec un environnement. Ces agents, souvent utilisés dans des domaines tels que la robotique, les jeux vidéo et les systèmes de recommandation, sont capables d'améliorer leurs performances en recevant des récompenses ou des pénalités en fonction de leurs actions. Au fil du temps, ils développent des stratégies optimales pour atteindre des objectifs spécifiques. L'importance de ces agents réside dans leur capacité à s'adapter et à apprendre de manière autonome, ce qui les rend particulièrement précieux dans des situations complexes et dynamiques. Grâce à des avancées récentes, l'apprentissage par renforcement continue d'évoluer, ouvrant ainsi la voie à de nouvelles applications innovantes.", 'additional_kwargs': {'refusal': None}, 'response_metadata': {'token_usage': {'completion_tokens': 164, 'prompt_tokens': 61, 'total_tokens': 225, 'completion_tokens_details': {'accepted_prediction_tokens': 0, 'audio_tokens': 0, 'reasoning_tokens': 0, 'rejected_prediction_tokens': 0}, 'prompt_tokens_details': {'audio_tokens': 0, 'cached_tokens': 0}}, 'model_name': 'gpt-4o-mini-2024-07-18', 'system_fingerprint': None, 'id': 'chatcmpl-BwANcApuva5ucJldg0B2NhV6XzRnO', 'service_tier': 'default', 'finish_reason': 'stop', 'logprobs': None}, 'type': 'ai', 'name': None, 'id': 'run--38c504b8-a525-4042-89c5-8a306503c19a-0', 'example': False, 'tool_calls': [], 'invalid_tool_calls': [], 'usage_metadata': {'input_tokens': 61, 'output_tokens': 164, 'total_tokens': 225, 'input_token_details': {'audio': 0, 'cache_read': 0}, 'output_token_details': {'audio': 0, 'reasoning': 0}}}
2025-07-22-17-44-04|ARTICLE_WRITER|EXPANDER|gpt-4o-mini|0|Systèmes de Mémoire des Agents IA : Faire en Sorte que les Machines se Souviennent|5.47|{'content': "Systèmes de Mémoire des Agents IA : Faire en Sorte que les Machines se Souviennent\n\nLes systèmes de mémoire des agents d'intelligence artificielle (IA) jouent un rôle crucial dans le développement de machines capables d'apprendre et d'interagir de manière plus humaine. En intégrant des capacités de mémoire, ces agents peuvent stocker des informations, se souvenir des interactions passées et adapter leurs réponses en fonction de l'historique des échanges. Cela permet non seulement d'améliorer l'expérience utilisateur, mais aussi d'augmenter l'efficacité des tâches exécutées par les machines. En rendant les IA plus conscientes de leur environnement et de leurs expériences antérieures, nous franchissons une étape importante vers des systèmes plus intelligents et autonomes, capables de s'améliorer continuellement.", 'additional_kwargs': {'refusal': None}, 'response_metadata': {'token_usage': {'completion_tokens': 162, 'prompt_tokens': 68, 'total_tokens': 230, 'completion_tokens_details': {'accepted_prediction_tokens': 0, 'audio_tokens': 0, 'reasoning_tokens': 0, 'rejected_prediction_tokens': 0}, 'prompt_tokens_details': {'audio_tokens': 0, 'cached_tokens': 0}}, 'model_name': 'gpt-4o-mini-2024-07-18', 'system_fingerprint': None, 'id': 'chatcmpl-BwANp5JeaEFmRGfPDbqYbSFlrfq1b', 'service_tier': 'default', 'finish_reason': 'stop', 'logprobs': None}, 'type': 'ai', 'name': None, 'id': 'run--1319bed9-0d1a-40b6-bb63-96bf3a2a4a98-0', 'example': False, 'tool_calls': [], 'invalid_tool_calls': [], 'usage_metadata': {'input_tokens': 68, 'output_tokens': 162, 'total_tokens': 230, 'input_token_details': {'audio': 0, 'cache_read': 0}, 'output_token_details': {'audio': 0, 'reasoning': 0}}}
2025-07-22-17-44-24|ARTICLE_WRITER|EXPANDER|gpt-4o-mini|0|Intelligence Collective : Ce que les Colonies de Fourmis Nous Apprennent sur l'IA|4.41|{'content': "Intelligence Collective : Ce que les Colonies de Fourmis Nous Apprennent sur l'IA\n\nL'étude des colonies de fourmis offre des perspectives fascinantes sur le fonctionnement de l'intelligence collective, un concept qui trouve des parallèles intéressants dans le domaine de l'intelligence artificielle (IA). Les fourmis, bien qu'individuellement simples, parviennent à accomplir des tâches complexes grâce à leur interaction et leur communication. Par exemple, elles peuvent trouver le chemin le plus court vers une source de nourriture en utilisant des phéromones pour guider leurs congénères. Cette dynamique peut inspirer des algorithmes d'IA qui imitent ces comportements naturels, permettant aux systèmes intelligents d'apprendre et d'évoluer de manière plus efficace. En se basant sur ces principes, les chercheurs développent des solutions innovantes dans des domaines variés tels que la robotique, l'optimisation des réseaux et même la gestion des ressources. Ainsi, les colonies de fourmis ne se contentent pas d'être des sujets d'observation, mais deviennent des modèles précieux pour l'avenir de l'IA.", 'additional_kwargs': {'refusal': None}, 'response_metadata': {'token_usage': {'completion_tokens': 231, 'prompt_tokens': 67, 'total_tokens': 298, 'completion_tokens_details': {'accepted_prediction_tokens': 0, 'audio_tokens': 0, 'reasoning_tokens': 0, 'rejected_prediction_tokens': 0}, 'prompt_tokens_details': {'audio_tokens': 0, 'cached_tokens': 0}}, 'model_name': 'gpt-4o-mini-2024-07-18', 'system_fingerprint': None, 'id': 'chatcmpl-BwAOAbDvEfkjseHwkjC1xrraCK69e', 'service_tier': 'default', 'finish_reason': 'stop', 'logprobs': None}, 'type': 'ai', 'name': None, 'id': 'run--98cd7b20-1756-44c5-80aa-a74daca8af17-0', 'example': False, 'tool_calls': [], 'invalid_tool_calls': [], 'usage_metadata': {'input_tokens': 67, 'output_tokens': 231, 'total_tokens': 298, 'input_token_details': {'audio': 0, 'cache_read': 0}, 'output_token_details': {'audio': 0, 'reasoning': 0}}}
2025-07-22-17-44-33|ARTICLE_WRITER|EXPANDER|gpt-4o-mini|0|Construire des agents d'IA fiables pour la santé|4.38|{'content': "Construire des agents d'IA fiables pour la santé est un défi crucial dans le domaine de la technologie médicale. Ces agents doivent non seulement être capables de traiter des données complexes et variées, mais aussi de fournir des recommandations précises et éthiques. La fiabilité de ces systèmes repose sur des algorithmes robustes, une formation adéquate sur des ensembles de données diversifiés et une validation rigoureuse. De plus, il est essentiel d'assurer la transparence dans leur fonctionnement afin que les professionnels de la santé et les patients puissent avoir confiance en leurs décisions. En intégrant des principes éthiques et en respectant les réglementations, nous pouvons développer des solutions d'IA qui améliorent la qualité des soins et optimisent les résultats pour les patients.", 'additional_kwargs': {'refusal': None}, 'response_metadata': {'token_usage': {'completion_tokens': 155, 'prompt_tokens': 59, 'total_tokens': 214, 'completion_tokens_details': {'accepted_prediction_tokens': 0, 'audio_tokens': 0, 'reasoning_tokens': 0, 'rejected_prediction_tokens': 0}, 'prompt_tokens_details': {'audio_tokens': 0, 'cached_tokens': 0}}, 'model_name': 'gpt-4o-mini-2024-07-18', 'system_fingerprint': None, 'id': 'chatcmpl-BwAOJCgExQh2j4K2duVj5cNSaMblD', 'service_tier': 'default', 'finish_reason': 'stop', 'logprobs': None}, 'type': 'ai', 'name': None, 'id': 'run--1826d281-91ab-4e52-8ddf-e78f41b994d9-0', 'example': False, 'tool_calls': [], 'invalid_tool_calls': [], 'usage_metadata': {'input_tokens': 59, 'output_tokens': 155, 'total_tokens': 214, 'input_token_details': {'audio': 0, 'cache_read': 0}, 'output_token_details': {'audio': 0, 'reasoning': 0}}}
2025-07-22-17-44-45|ARTICLE_WRITER|EXPANDER|gpt-4o-mini|0|L'économie des agents d'IA : Coût vs. Travail humain|4.65|{'content': "L'économie des agents d'IA : Coût vs. Travail humain\n\nL'émergence des agents d'intelligence artificielle (IA) a profondément transformé le paysage économique, soulevant des questions cruciales sur le rapport entre le coût de ces technologies et le travail humain. D'une part, les agents d'IA peuvent exécuter des tâches à une vitesse et une précision inégalées, réduisant ainsi les coûts opérationnels pour les entreprises. D'autre part, cette automatisation soulève des inquiétudes quant à la perte d'emplois pour les travailleurs humains, qui pourraient être remplacés par des machines. Le défi consiste donc à trouver un équilibre entre l'intégration de ces technologies innovantes et la préservation des emplois, tout en veillant à ce que les bénéfices économiques soient partagés équitablement. Les entreprises doivent réfléchir à des stratégies pour requalifier leurs employés et tirer parti des forces complémentaires de l'IA et du travail humain.", 'additional_kwargs': {'refusal': None}, 'response_metadata': {'token_usage': {'completion_tokens': 197, 'prompt_tokens': 62, 'total_tokens': 259, 'completion_tokens_details': {'accepted_prediction_tokens': 0, 'audio_tokens': 0, 'reasoning_tokens': 0, 'rejected_prediction_tokens': 0}, 'prompt_tokens_details': {'audio_tokens': 0, 'cached_tokens': 0}}, 'model_name': 'gpt-4o-mini-2024-07-18', 'system_fingerprint': None, 'id': 'chatcmpl-BwAOV7i9qY5sDWm5hUbYHHGyiZeRF', 'service_tier': 'default', 'finish_reason': 'stop', 'logprobs': None}, 'type': 'ai', 'name': None, 'id': 'run--bf5ee51b-06f5-49e2-b7e9-7b1420ed621d-0', 'example': False, 'tool_calls': [], 'invalid_tool_calls': [], 'usage_metadata': {'input_tokens': 62, 'output_tokens': 197, 'total_tokens': 259, 'input_token_details': {'audio': 0, 'cache_read': 0}, 'output_token_details': {'audio': 0, 'reasoning': 0}}}
2025-07-22-17-44-56|ARTICLE_WRITER|EXPANDER|gpt-4o-mini|0|Agents IA dans les jeux vidéo : Créer des PNJ intelligents|4.33|{'content': "Les agents intelligents artificiels (IA) dans les jeux vidéo révolutionnent la manière dont les personnages non-joueurs (PNJ) interagissent avec les joueurs et le monde virtuel. Grâce à des algorithmes avancés, ces PNJ peuvent désormais réagir de manière plus réaliste aux actions des joueurs, offrant ainsi une expérience de jeu immersive et dynamique. Par exemple, ils sont capables d'apprendre des comportements des joueurs, de s'adapter à différentes stratégies et de créer des dialogues plus naturels. Cette évolution permet non seulement d'améliorer le gameplay, mais aussi de renforcer la narration dans les jeux, rendant chaque session unique. Les développeurs continuent d'explorer de nouvelles techniques pour rendre ces agents encore plus sophistiqués et engageants.", 'additional_kwargs': {'refusal': None}, 'response_metadata': {'token_usage': {'completion_tokens': 156, 'prompt_tokens': 62, 'total_tokens': 218, 'completion_tokens_details': {'accepted_prediction_tokens': 0, 'audio_tokens': 0, 'reasoning_tokens': 0, 'rejected_prediction_tokens': 0}, 'prompt_tokens_details': {'audio_tokens': 0, 'cached_tokens': 0}}, 'model_name': 'gpt-4o-mini-2024-07-18', 'system_fingerprint': None, 'id': 'chatcmpl-BwAOgvJajMEWOSSQJ7dr98XQ5b1za', 'service_tier': 'default', 'finish_reason': 'stop', 'logprobs': None}, 'type': 'ai', 'name': None, 'id': 'run--e4026724-022a-4424-88b1-25beda66a68c-0', 'example': False, 'tool_calls': [], 'invalid_tool_calls': [], 'usage_metadata': {'input_tokens': 62, 'output_tokens': 156, 'total_tokens': 218, 'input_token_details': {'audio': 0, 'cache_read': 0}, 'output_token_details': {'audio': 0, 'reasoning': 0}}}
2025-07-22-17-45-11|ARTICLE_WRITER|EXPANDER|gpt-4o-mini|0|Débogage du Comportement des Agents IA : Outils et Techniques|4.53|{'content': "Débogage du Comportement des Agents IA : Outils et Techniques\n\nLe débogage des agents d'intelligence artificielle (IA) est un enjeu crucial pour garantir leur efficacité et leur fiabilité. Les outils et techniques de débogage permettent d'identifier et de corriger les comportements indésirables ou inattendus des agents. Parmi les approches les plus courantes, on trouve l'analyse des logs, qui offre une vue détaillée du fonctionnement interne de l'agent, ainsi que les tests unitaires, qui vérifient le bon fonctionnement de chaque composant. De plus, des techniques avancées comme le débogage visuel et les simulations interactives peuvent aider les développeurs à mieux comprendre les décisions prises par l'IA. En combinant ces méthodes, il est possible d'optimiser le comportement des agents et d'améliorer leur performance dans des environnements complexes.", 'additional_kwargs': {'refusal': None}, 'response_metadata': {'token_usage': {'completion_tokens': 185, 'prompt_tokens': 63, 'total_tokens': 248, 'completion_tokens_details': {'accepted_prediction_tokens': 0, 'audio_tokens': 0, 'reasoning_tokens': 0, 'rejected_prediction_tokens': 0}, 'prompt_tokens_details': {'audio_tokens': 0, 'cached_tokens': 0}}, 'model_name': 'gpt-4o-mini-2024-07-18', 'system_fingerprint': None, 'id': 'chatcmpl-BwAOvHdUlu5DJFHMHkJKRrPYuWRs9', 'service_tier': 'default', 'finish_reason': 'stop', 'logprobs': None}, 'type': 'ai', 'name': None, 'id': 'run--de4d151d-bd8a-45f1-9f4b-daa07efbbe9d-0', 'example': False, 'tool_calls': [], 'invalid_tool_calls': [], 'usage_metadata': {'input_tokens': 63, 'output_tokens': 185, 'total_tokens': 248, 'input_token_details': {'audio': 0, 'cache_read': 0}, 'output_token_details': {'audio': 0, 'reasoning': 0}}}
2025-07-22-17-45-28|ARTICLE_WRITER|EXPANDER|gpt-4o-mini|0|Orchestration des agents IA : Gestion des flux de travail complexes|4.54|{'content': "L'orchestration des agents d'intelligence artificielle (IA) joue un rôle crucial dans la gestion des flux de travail complexes. En intégrant divers agents, qu'ils soient spécialisés dans l'analyse de données, le traitement du langage naturel ou la prise de décision, les organisations peuvent optimiser leurs processus. Cette approche permet non seulement d'améliorer l'efficacité opérationnelle, mais aussi d'assurer une meilleure collaboration entre les différents systèmes. Grâce à des algorithmes avancés et à des architectures flexibles, les entreprises peuvent automatiser des tâches répétitives tout en garantissant une supervision humaine lorsque cela est nécessaire. Ainsi, l'orchestration des agents IA devient un outil indispensable pour naviguer dans le paysage numérique en constante évolution.", 'additional_kwargs': {'refusal': None}, 'response_metadata': {'token_usage': {'completion_tokens': 147, 'prompt_tokens': 61, 'total_tokens': 208, 'completion_tokens_details': {'accepted_prediction_tokens': 0, 'audio_tokens': 0, 'reasoning_tokens': 0, 'rejected_prediction_tokens': 0}, 'prompt_tokens_details': {'audio_tokens': 0, 'cached_tokens': 0}}, 'model_name': 'gpt-4o-mini-2024-07-18', 'system_fingerprint': None, 'id': 'chatcmpl-BwAPCuJPRBR43VR7vMQ1jqsSBaWdQ', 'service_tier': 'default', 'finish_reason': 'stop', 'logprobs': None}, 'type': 'ai', 'name': None, 'id': 'run--46beb8b5-0c43-4f91-9cfe-79e0ba6669cc-0', 'example': False, 'tool_calls': [], 'invalid_tool_calls': [], 'usage_metadata': {'input_tokens': 61, 'output_tokens': 147, 'total_tokens': 208, 'input_token_details': {'audio': 0, 'cache_read': 0}, 'output_token_details': {'audio': 0, 'reasoning': 0}}}
2025-07-22-17-45-39|ARTICLE_WRITER|EXPANDER|gpt-4o-mini|0|Traitement du langage naturel pour la communication des agents IA|5.85|{'content': "Le traitement du langage naturel (TLN) joue un rôle essentiel dans la communication des agents d'intelligence artificielle (IA). Grâce à des algorithmes avancés, ces agents peuvent comprendre, interpréter et générer du langage humain de manière fluide et cohérente. Cela permet non seulement d'améliorer les interactions entre les utilisateurs et les systèmes automatisés, mais aussi de rendre les réponses plus pertinentes et contextuelles. Les applications du TLN s'étendent à divers domaines, tels que le service client, la traduction automatique, et même la création de contenu. En continuant à affiner ces technologies, nous pouvons espérer des échanges encore plus naturels et intuitifs avec les machines.", 'additional_kwargs': {'refusal': None}, 'response_metadata': {'token_usage': {'completion_tokens': 141, 'prompt_tokens': 59, 'total_tokens': 200, 'completion_tokens_details': {'accepted_prediction_tokens': 0, 'audio_tokens': 0, 'reasoning_tokens': 0, 'rejected_prediction_tokens': 0}, 'prompt_tokens_details': {'audio_tokens': 0, 'cached_tokens': 0}}, 'model_name': 'gpt-4o-mini-2024-07-18', 'system_fingerprint': None, 'id': 'chatcmpl-BwAPPSAz7oHogH78gAQCtpCgDo61i', 'service_tier': 'default', 'finish_reason': 'stop', 'logprobs': None}, 'type': 'ai', 'name': None, 'id': 'run--2a85a8dc-0ae6-4dd9-b878-cd9ea8777743-0', 'example': False, 'tool_calls': [], 'invalid_tool_calls': [], 'usage_metadata': {'input_tokens': 59, 'output_tokens': 141, 'total_tokens': 200, 'input_token_details': {'audio': 0, 'cache_read': 0}, 'output_token_details': {'audio': 0, 'reasoning': 0}}}
2025-07-22-17-45-53|ARTICLE_WRITER|EXPANDER|gpt-4o-mini|0|Agents IA et Confidentialité : Équilibrer Personnalisation et Protection|4.84|{'content': "Agents IA et Confidentialité : Équilibrer Personnalisation et Protection\n\nDans un monde de plus en plus numérisé, les agents d'intelligence artificielle (IA) jouent un rôle crucial dans la personnalisation des services offerts aux utilisateurs. Cependant, cette personnalisation soulève des préoccupations majeures en matière de confidentialité. Les entreprises collectent d'énormes quantités de données pour améliorer l'expérience utilisateur, mais cela peut entraîner des risques de violation de la vie privée. Il est essentiel de trouver un équilibre entre l'utilisation des données pour offrir des services sur mesure et la protection des informations personnelles des utilisateurs. Les réglementations sur la protection des données, comme le RGPD, sont mises en place pour garantir que les droits des individus sont respectés tout en permettant aux agents IA de fonctionner efficacement. En fin de compte, la confiance des utilisateurs dépendra de la transparence des entreprises dans la gestion de leurs données.", 'additional_kwargs': {'refusal': None}, 'response_metadata': {'token_usage': {'completion_tokens': 190, 'prompt_tokens': 63, 'total_tokens': 253, 'completion_tokens_details': {'accepted_prediction_tokens': 0, 'audio_tokens': 0, 'reasoning_tokens': 0, 'rejected_prediction_tokens': 0}, 'prompt_tokens_details': {'audio_tokens': 0, 'cached_tokens': 0}}, 'model_name': 'gpt-4o-mini-2024-07-18', 'system_fingerprint': None, 'id': 'chatcmpl-BwAPakSPaoJWunJDa2kCxpTLpZbRi', 'service_tier': 'default', 'finish_reason': 'stop', 'logprobs': None}, 'type': 'ai', 'name': None, 'id': 'run--0c18aba7-32ee-446f-b396-bc4179d075ab-0', 'example': False, 'tool_calls': [], 'invalid_tool_calls': [], 'usage_metadata': {'input_tokens': 63, 'output_tokens': 190, 'total_tokens': 253, 'input_token_details': {'audio': 0, 'cache_read': 0}, 'output_token_details': {'audio': 0, 'reasoning': 0}}}
2025-07-22-17-46-05|ARTICLE_WRITER|EXPANDER|gpt-4o-mini|0|Construire des agents d'IA explicables pour des applications critiques|5.80|{'content': "Construire des agents d'IA explicables pour des applications critiques est devenu une priorité essentielle dans le domaine de l'intelligence artificielle. Alors que ces technologies continuent de se développer et d'être intégrées dans des secteurs tels que la santé, la finance et la sécurité, il est impératif que les décisions prises par ces systèmes soient transparents et compréhensibles. L'explicabilité permet aux utilisateurs de comprendre comment et pourquoi un agent d'IA a pris une certaine décision, ce qui renforce la confiance et favorise une adoption plus large. De plus, dans des contextes critiques, comme ceux où la vie humaine est en jeu, la capacité d'expliquer les choix d'un agent peut être déterminante pour éviter des erreurs fatales. Par conséquent, des recherches intensives sont en cours pour développer des modèles qui non seulement offrent des performances élevées, mais qui sont également capables d'articuler leurs processus de prise de décision de manière claire et accessible.", 'additional_kwargs': {'refusal': None}, 'response_metadata': {'token_usage': {'completion_tokens': 197, 'prompt_tokens': 61, 'total_tokens': 258, 'completion_tokens_details': {'accepted_prediction_tokens': 0, 'audio_tokens': 0, 'reasoning_tokens': 0, 'rejected_prediction_tokens': 0}, 'prompt_tokens_details': {'audio_tokens': 0, 'cached_tokens': 0}}, 'model_name': 'gpt-4o-mini-2024-07-18', 'system_fingerprint': None, 'id': 'chatcmpl-BwAPmpnlKXBkHDJpwbExyCcgmdxpg', 'service_tier': 'default', 'finish_reason': 'stop', 'logprobs': None}, 'type': 'ai', 'name': None, 'id': 'run--514b5a9d-8163-4f04-8e90-e42ae122f908-0', 'example': False, 'tool_calls': [], 'invalid_tool_calls': [], 'usage_metadata': {'input_tokens': 61, 'output_tokens': 197, 'total_tokens': 258, 'input_token_details': {'audio': 0, 'cache_read': 0}, 'output_token_details': {'audio': 0, 'reasoning': 0}}}
2025-07-22-17-46-19|ARTICLE_WRITER|EXPANDER|gpt-4o-mini|0|Test des agents IA : Assurer la fiabilité en production|8.38|{'content': "Test des agents IA : Assurer la fiabilité en production\n\nLa fiabilité des agents d'intelligence artificielle (IA) est cruciale pour leur déploiement en production. Pour garantir leur efficacité, il est essentiel de mettre en place des tests rigoureux qui évaluent leur performance dans divers scénarios. Ces tests doivent inclure des simulations de conditions réelles afin d'identifier d'éventuelles failles ou biais. De plus, il est important d’adopter une approche itérative, où les agents sont continuellement évalués et améliorés en fonction des retours d'expérience. En intégrant ces pratiques, les entreprises peuvent s'assurer que leurs agents IA fonctionnent de manière fiable et sécurisée, minimisant ainsi les risques associés à leur utilisation.", 'additional_kwargs': {'refusal': None}, 'response_metadata': {'token_usage': {'completion_tokens': 155, 'prompt_tokens': 60, 'total_tokens': 215, 'completion_tokens_details': {'accepted_prediction_tokens': 0, 'audio_tokens': 0, 'reasoning_tokens': 0, 'rejected_prediction_tokens': 0}, 'prompt_tokens_details': {'audio_tokens': 0, 'cached_tokens': 0}}, 'model_name': 'gpt-4o-mini-2024-07-18', 'system_fingerprint': None, 'id': 'chatcmpl-BwAPyv1GTjHS108H2NfUeIk86PGBx', 'service_tier': 'default', 'finish_reason': 'stop', 'logprobs': None}, 'type': 'ai', 'name': None, 'id': 'run--98d7640f-23db-422b-ad81-467d73470420-0', 'example': False, 'tool_calls': [], 'invalid_tool_calls': [], 'usage_metadata': {'input_tokens': 60, 'output_tokens': 155, 'total_tokens': 215, 'input_token_details': {'audio': 0, 'cache_read': 0}, 'output_token_details': {'audio': 0, 'reasoning': 0}}}
2025-07-22-17-46-29|ARTICLE_WRITER|EXPANDER|gpt-4o-mini|0|Le Rôle des Agents IA dans la Découverte Scientifique|4.14|{'content': "Le Rôle des Agents IA dans la Découverte Scientifique\n\nLes agents d'intelligence artificielle (IA) jouent un rôle de plus en plus crucial dans le domaine de la découverte scientifique. Grâce à leur capacité à analyser d'énormes quantités de données en un temps record, ces systèmes peuvent identifier des modèles et des corrélations que les chercheurs humains pourraient facilement manquer. Par exemple, dans le domaine de la biologie, l'IA aide à prédire les structures protéiques, ce qui peut accélérer le développement de nouveaux médicaments. De plus, les agents IA facilitent la collaboration entre différentes disciplines scientifiques, en intégrant des informations provenant de divers domaines pour générer des hypothèses novatrices. En somme, l'IA transforme la manière dont les scientifiques abordent leurs recherches, ouvrant la voie à des avancées qui étaient autrefois inimaginables.", 'additional_kwargs': {'refusal': None}, 'response_metadata': {'token_usage': {'completion_tokens': 178, 'prompt_tokens': 60, 'total_tokens': 238, 'completion_tokens_details': {'accepted_prediction_tokens': 0, 'audio_tokens': 0, 'reasoning_tokens': 0, 'rejected_prediction_tokens': 0}, 'prompt_tokens_details': {'audio_tokens': 0, 'cached_tokens': 0}}, 'model_name': 'gpt-4o-mini-2024-07-18', 'system_fingerprint': None, 'id': 'chatcmpl-BwAQBepex0ZcPPRJQOMU4GBLrdhhQ', 'service_tier': 'default', 'finish_reason': 'stop', 'logprobs': None}, 'type': 'ai', 'name': None, 'id': 'run--232f7d8c-3160-4791-9809-4415feb055aa-0', 'example': False, 'tool_calls': [], 'invalid_tool_calls': [], 'usage_metadata': {'input_tokens': 60, 'output_tokens': 178, 'total_tokens': 238, 'input_token_details': {'audio': 0, 'cache_read': 0}, 'output_token_details': {'audio': 0, 'reasoning': 0}}}
2025-07-22-17-46-38|ARTICLE_WRITER|EXPANDER|gpt-4o-mini|0|Démocratiser l'IA : Rendre le développement d'agents accessible|3.35|{'content': "Démocratiser l'IA : Rendre le développement d'agents accessible\n\nL'intelligence artificielle (IA) a le potentiel de transformer de nombreux secteurs, mais son développement reste souvent réservé à une élite technique. Pour véritablement démocratiser l'IA, il est essentiel de rendre le développement d'agents intelligents accessible à un plus large public, y compris aux non-experts. Cela peut être réalisé en simplifiant les outils de programmation et en offrant des ressources éducatives adaptées. Des plateformes intuitives, des tutoriels en ligne et des communautés de soutien peuvent encourager l'innovation et la créativité. En ouvrant la voie à une participation plus large, nous pouvons favoriser des solutions variées et inclusives qui répondent aux besoins de la société.", 'additional_kwargs': {'refusal': None}, 'response_metadata': {'token_usage': {'completion_tokens': 158, 'prompt_tokens': 65, 'total_tokens': 223, 'completion_tokens_details': {'accepted_prediction_tokens': 0, 'audio_tokens': 0, 'reasoning_tokens': 0, 'rejected_prediction_tokens': 0}, 'prompt_tokens_details': {'audio_tokens': 0, 'cached_tokens': 0}}, 'model_name': 'gpt-4o-mini-2024-07-18', 'system_fingerprint': None, 'id': 'chatcmpl-BwAQLYagonsdLHO8Jd8uTseFEQnal', 'service_tier': 'default', 'finish_reason': 'stop', 'logprobs': None}, 'type': 'ai', 'name': None, 'id': 'run--b5ba77fe-02b2-461a-8321-85ceea62417a-0', 'example': False, 'tool_calls': [], 'invalid_tool_calls': [], 'usage_metadata': {'input_tokens': 65, 'output_tokens': 158, 'total_tokens': 223, 'input_token_details': {'audio': 0, 'cache_read': 0}, 'output_token_details': {'audio': 0, 'reasoning': 0}}}
2025-07-22-17-46-50|ARTICLE_WRITER|EXPANDER|gpt-4o-mini|0|Agents IA et Créativité : Les Machines Peuvent-elles Être Vraiment Originales ?|5.90|{'content': "Agents IA et Créativité : Les Machines Peuvent-elles Être Vraiment Originales ?\n\nLa question de savoir si les agents d'intelligence artificielle peuvent faire preuve de créativité soulève des débats fascinants dans le domaine de la technologie et des arts. Alors que les algorithmes avancés permettent aux machines de générer des œuvres d'art, de la musique et même des textes littéraires, la véritable originalité reste sujette à interprétation. Les IA s'appuient sur des données préexistantes et des modèles d'apprentissage pour produire leurs créations, ce qui soulève la question de savoir si ces œuvres peuvent être considérées comme authentiquement originales. En effet, la créativité humaine est souvent liée à des expériences vécues, des émotions et des contextes culturels, des éléments que les machines ne peuvent pas pleinement saisir. Ainsi, bien que les agents IA puissent imiter des styles et produire des contenus innovants, leur capacité à créer quelque chose de véritablement original et émotionnellement résonnant reste un sujet de débat passionnant.", 'additional_kwargs': {'refusal': None}, 'response_metadata': {'token_usage': {'completion_tokens': 216, 'prompt_tokens': 67, 'total_tokens': 283, 'completion_tokens_details': {'accepted_prediction_tokens': 0, 'audio_tokens': 0, 'reasoning_tokens': 0, 'rejected_prediction_tokens': 0}, 'prompt_tokens_details': {'audio_tokens': 0, 'cached_tokens': 0}}, 'model_name': 'gpt-4o-mini-2024-07-18', 'system_fingerprint': None, 'id': 'chatcmpl-BwAQUhHmaLjCjEnBklxc4lndSLx0u', 'service_tier': 'default', 'finish_reason': 'stop', 'logprobs': None}, 'type': 'ai', 'name': None, 'id': 'run--b89cd429-152f-4f1d-a985-d110f60dc430-0', 'example': False, 'tool_calls': [], 'invalid_tool_calls': [], 'usage_metadata': {'input_tokens': 67, 'output_tokens': 216, 'total_tokens': 283, 'input_token_details': {'audio': 0, 'cache_read': 0}, 'output_token_details': {'audio': 0, 'reasoning': 0}}}
2025-07-22-17-47-00|ARTICLE_WRITER|EXPANDER|gpt-4o-mini|0|Déployer des agents d'IA à grande échelle : Leçons du terrain|3.77|{'content': "Déployer des agents d'IA à grande échelle : Leçons du terrain\n\nLe déploiement d'agents d'intelligence artificielle (IA) à une échelle significative présente de nombreux défis et opportunités. Les leçons tirées du terrain révèlent l'importance d'une approche stratégique, qui inclut l'évaluation des besoins spécifiques des utilisateurs et la mise en place d'une infrastructure technologique solide. Il est essentiel d'assurer une collaboration étroite entre les équipes techniques et les utilisateurs finaux pour garantir que les solutions d'IA répondent efficacement aux attentes. De plus, la gestion des données, la sécurité et l'éthique doivent être des priorités tout au long du processus. En apprenant des expériences passées, les organisations peuvent mieux naviguer dans le paysage complexe de l'IA et maximiser son impact positif.", 'additional_kwargs': {'refusal': None}, 'response_metadata': {'token_usage': {'completion_tokens': 174, 'prompt_tokens': 64, 'total_tokens': 238, 'completion_tokens_details': {'accepted_prediction_tokens': 0, 'audio_tokens': 0, 'reasoning_tokens': 0, 'rejected_prediction_tokens': 0}, 'prompt_tokens_details': {'audio_tokens': 0, 'cached_tokens': 0}}, 'model_name': 'gpt-4o-mini-2024-07-18', 'system_fingerprint': None, 'id': 'chatcmpl-BwAQhWlRiuWBSBbfSOXI52sfRcTS9', 'service_tier': 'default', 'finish_reason': 'stop', 'logprobs': None}, 'type': 'ai', 'name': None, 'id': 'run--0c35911c-0c65-407d-8e69-a5fd9d1b527b-0', 'example': False, 'tool_calls': [], 'invalid_tool_calls': [], 'usage_metadata': {'input_tokens': 64, 'output_tokens': 174, 'total_tokens': 238, 'input_token_details': {'audio': 0, 'cache_read': 0}, 'output_token_details': {'audio': 0, 'reasoning': 0}}}
2025-07-22-17-47-18|ARTICLE_WRITER|EXPANDER|gpt-4o-mini|0|Biais des agents d'IA : stratégies de détection et d'atténuation|5.96|{'content': "Biais des agents d'IA : stratégies de détection et d'atténuation\n\nL'intelligence artificielle (IA) a le potentiel de transformer de nombreux secteurs, mais elle n'est pas exempte de biais. Ces biais peuvent se manifester dans les algorithmes, les jeux de données ou même dans les décisions prises par les agents d'IA. Pour garantir une utilisation éthique et équitable de ces technologies, il est crucial de mettre en place des stratégies efficaces de détection et d'atténuation des biais. \n\nParmi ces stratégies, on trouve l'audit régulier des algorithmes, l'utilisation de jeux de données diversifiés et représentatifs, ainsi que la sensibilisation des développeurs aux enjeux de l'équité. En intégrant ces mesures, les entreprises peuvent non seulement améliorer la performance de leurs systèmes d'IA, mais aussi renforcer la confiance des utilisateurs et des parties prenantes dans ces technologies émergentes. L'objectif ultime est de créer des solutions d'IA qui reflètent mieux la diversité et les valeurs de la société dans son ensemble.", 'additional_kwargs': {'refusal': None}, 'response_metadata': {'token_usage': {'completion_tokens': 221, 'prompt_tokens': 65, 'total_tokens': 286, 'completion_tokens_details': {'accepted_prediction_tokens': 0, 'audio_tokens': 0, 'reasoning_tokens': 0, 'rejected_prediction_tokens': 0}, 'prompt_tokens_details': {'audio_tokens': 0, 'cached_tokens': 0}}, 'model_name': 'gpt-4o-mini-2024-07-18', 'system_fingerprint': None, 'id': 'chatcmpl-BwAQwoDu36IliRDG8gqWvBoNIpqy9', 'service_tier': 'default', 'finish_reason': 'stop', 'logprobs': None}, 'type': 'ai', 'name': None, 'id': 'run--ed8dd7ea-c459-43d7-9c0c-282cb26a1eb8-0', 'example': False, 'tool_calls': [], 'invalid_tool_calls': [], 'usage_metadata': {'input_tokens': 65, 'output_tokens': 221, 'total_tokens': 286, 'input_token_details': {'audio': 0, 'cache_read': 0}, 'output_token_details': {'audio': 0, 'reasoning': 0}}}
2025-07-22-17-47-28|ARTICLE_WRITER|EXPANDER|gpt-4o-mini|0|La neuroscience derrière la prise de décision des agents d'IA|3.93|{'content': "La neuroscience derrière la prise de décision des agents d'IA est un domaine fascinant qui explore comment les principes du fonctionnement du cerveau humain peuvent être appliqués à la conception d'algorithmes intelligents. Les chercheurs s'inspirent des mécanismes neuronaux, tels que les réseaux de neurones biologiques, pour créer des systèmes capables d'apprendre et de s'adapter à des environnements complexes. En analysant comment les humains prennent des décisions, notamment en tenant compte des émotions, des biais cognitifs et des processus de récompense, les scientifiques cherchent à améliorer la performance des agents d'IA. Cette approche pourrait non seulement rendre les machines plus efficaces, mais aussi plus proches de la manière dont les humains interagissent avec le monde. Les implications de cette recherche sont vastes, touchant des domaines allant de la robotique à la médecine, en passant par les systèmes de recommandation.", 'additional_kwargs': {'refusal': None}, 'response_metadata': {'token_usage': {'completion_tokens': 183, 'prompt_tokens': 60, 'total_tokens': 243, 'completion_tokens_details': {'accepted_prediction_tokens': 0, 'audio_tokens': 0, 'reasoning_tokens': 0, 'rejected_prediction_tokens': 0}, 'prompt_tokens_details': {'audio_tokens': 0, 'cached_tokens': 0}}, 'model_name': 'gpt-4o-mini-2024-07-18', 'system_fingerprint': None, 'id': 'chatcmpl-BwAR94dzsuAfyu3IgqqUN9dn6yOwy', 'service_tier': 'default', 'finish_reason': 'stop', 'logprobs': None}, 'type': 'ai', 'name': None, 'id': 'run--0e9dbf12-1783-4968-ab96-d038c77fed17-0', 'example': False, 'tool_calls': [], 'invalid_tool_calls': [], 'usage_metadata': {'input_tokens': 60, 'output_tokens': 183, 'total_tokens': 243, 'input_token_details': {'audio': 0, 'cache_read': 0}, 'output_token_details': {'audio': 0, 'reasoning': 0}}}
2025-07-22-17-47-40|ARTICLE_WRITER|EXPANDER|gpt-4o-mini|0|Agents IA dans l'informatique en périphérie : Traitement à la source|4.29|{'content': "Les agents d'intelligence artificielle (IA) jouent un rôle crucial dans le domaine de l'informatique en périphérie, où le traitement des données à la source devient de plus en plus essentiel. En permettant une analyse locale des données, ces agents réduisent la latence et améliorent l'efficacité des systèmes. Ils sont particulièrement utiles dans des applications telles que l'Internet des objets (IoT), où des dispositifs connectés génèrent d'énormes volumes de données. En intégrant des algorithmes d'IA directement dans ces dispositifs, il est possible de prendre des décisions en temps réel, optimisant ainsi les performances et la réactivité des systèmes. Cette approche favorise également une utilisation plus efficace de la bande passante et renforce la sécurité des données en minimisant les transmissions nécessaires vers le cloud.", 'additional_kwargs': {'refusal': None}, 'response_metadata': {'token_usage': {'completion_tokens': 168, 'prompt_tokens': 64, 'total_tokens': 232, 'completion_tokens_details': {'accepted_prediction_tokens': 0, 'audio_tokens': 0, 'reasoning_tokens': 0, 'rejected_prediction_tokens': 0}, 'prompt_tokens_details': {'audio_tokens': 0, 'cached_tokens': 0}}, 'model_name': 'gpt-4o-mini-2024-07-18', 'system_fingerprint': None, 'id': 'chatcmpl-BwARLosHrynyTrkcHEY1ughL0jrb0', 'service_tier': 'default', 'finish_reason': 'stop', 'logprobs': None}, 'type': 'ai', 'name': None, 'id': 'run--2127e316-b473-4518-b1ac-fd07493c210f-0', 'example': False, 'tool_calls': [], 'invalid_tool_calls': [], 'usage_metadata': {'input_tokens': 64, 'output_tokens': 168, 'total_tokens': 232, 'input_token_details': {'audio': 0, 'cache_read': 0}, 'output_token_details': {'audio': 0, 'reasoning': 0}}}
2025-07-22-17-47-49|ARTICLE_WRITER|EXPANDER|gpt-4o-mini|0|Agents d'IA conversationnelle : Au-delà des questions et réponses|3.15|{'content': "Agents d'IA conversationnelle : Au-delà des questions et réponses\n\nLes agents d'intelligence artificielle conversationnelle transcendent le simple échange de questions et réponses. Ces systèmes avancés sont conçus pour comprendre et interpréter le langage naturel, permettant une interaction plus fluide et intuitive avec les utilisateurs. Grâce à des algorithmes d'apprentissage automatique, ils peuvent analyser le contexte, détecter les émotions et s'adapter aux préférences individuelles. Cela ouvre la voie à des applications variées, allant du service client personnalisé à l'assistance virtuelle dans des domaines complexes comme la santé ou l'éducation. En intégrant des éléments de personnalisation et d'empathie, ces agents deviennent des partenaires de conversation efficaces, capables de répondre non seulement aux besoins immédiats, mais aussi de créer des expériences enrichissantes et engageantes pour les utilisateurs.", 'additional_kwargs': {'refusal': None}, 'response_metadata': {'token_usage': {'completion_tokens': 172, 'prompt_tokens': 61, 'total_tokens': 233, 'completion_tokens_details': {'accepted_prediction_tokens': 0, 'audio_tokens': 0, 'reasoning_tokens': 0, 'rejected_prediction_tokens': 0}, 'prompt_tokens_details': {'audio_tokens': 0, 'cached_tokens': 0}}, 'model_name': 'gpt-4o-mini-2024-07-18', 'system_fingerprint': None, 'id': 'chatcmpl-BwARUkz8RAU0OiAkSqYBxAuNVkkEP', 'service_tier': 'default', 'finish_reason': 'stop', 'logprobs': None}, 'type': 'ai', 'name': None, 'id': 'run--d9981b09-6e68-486f-b2d9-cf99375258e7-0', 'example': False, 'tool_calls': [], 'invalid_tool_calls': [], 'usage_metadata': {'input_tokens': 61, 'output_tokens': 172, 'total_tokens': 233, 'input_token_details': {'audio': 0, 'cache_read': 0}, 'output_token_details': {'audio': 0, 'reasoning': 0}}}
2025-07-22-17-48-02|ARTICLE_WRITER|EXPANDER|gpt-4o-mini|0|Interopérabilité des agents IA : Faire fonctionner différents systèmes ensemble|4.68|{'content': "Interopérabilité des agents IA : Faire fonctionner différents systèmes ensemble\n\nL'interopérabilité des agents d'intelligence artificielle (IA) est un enjeu crucial dans le développement technologique actuel. Elle permet à divers systèmes d'IA de communiquer et de collaborer efficacement, facilitant ainsi l'échange d'informations et l'optimisation des processus. En rendant les agents IA compatibles, les entreprises peuvent tirer parti des forces de différentes technologies pour créer des solutions plus robustes et innovantes. Cela inclut la capacité à intégrer des systèmes variés, qu'il s'agisse de logiciels de gestion, de plateformes d'analyse de données ou d'applications spécifiques. En favorisant cette interconnexion, nous ouvrons la voie à une utilisation plus harmonieuse et productive des ressources en IA, ce qui pourrait transformer de nombreux secteurs, allant de la santé à la finance.", 'additional_kwargs': {'refusal': None}, 'response_metadata': {'token_usage': {'completion_tokens': 176, 'prompt_tokens': 61, 'total_tokens': 237, 'completion_tokens_details': {'accepted_prediction_tokens': 0, 'audio_tokens': 0, 'reasoning_tokens': 0, 'rejected_prediction_tokens': 0}, 'prompt_tokens_details': {'audio_tokens': 0, 'cached_tokens': 0}}, 'model_name': 'gpt-4o-mini-2024-07-18', 'system_fingerprint': None, 'id': 'chatcmpl-BwARgHl1qhvMqhn8esbHF0htdcCWz', 'service_tier': 'default', 'finish_reason': 'stop', 'logprobs': None}, 'type': 'ai', 'name': None, 'id': 'run--3a3b5961-1952-4d7c-b939-d3c48445f629-0', 'example': False, 'tool_calls': [], 'invalid_tool_calls': [], 'usage_metadata': {'input_tokens': 61, 'output_tokens': 176, 'total_tokens': 237, 'input_token_details': {'audio': 0, 'cache_read': 0}, 'output_token_details': {'audio': 0, 'reasoning': 0}}}
2025-07-22-17-48-16|ARTICLE_WRITER|EXPANDER|gpt-4o-mini|0|L'impact environnemental de l'infrastructure des agents d'IA|5.29|{'content': "L'impact environnemental de l'infrastructure des agents d'IA est un sujet de plus en plus préoccupant dans le contexte actuel de changement climatique. Les centres de données, qui hébergent les algorithmes d'intelligence artificielle, consomment d'énormes quantités d'énergie pour le stockage et le traitement des données. Cette consommation énergétique, souvent alimentée par des sources non renouvelables, contribue à l'augmentation des émissions de gaz à effet de serre. De plus, la fabrication des composants matériels nécessaires, comme les processeurs et les serveurs, engendre une empreinte carbone significative. Il est donc crucial d'explorer des solutions durables, telles que l'utilisation d'énergies renouvelables et l'optimisation des algorithmes pour réduire cet impact environnemental. Les entreprises doivent également s'engager à adopter des pratiques plus écologiques pour minimiser leur empreinte écologique tout en continuant à innover dans le domaine de l'IA.", 'additional_kwargs': {'refusal': None}, 'response_metadata': {'token_usage': {'completion_tokens': 201, 'prompt_tokens': 62, 'total_tokens': 263, 'completion_tokens_details': {'accepted_prediction_tokens': 0, 'audio_tokens': 0, 'reasoning_tokens': 0, 'rejected_prediction_tokens': 0}, 'prompt_tokens_details': {'audio_tokens': 0, 'cached_tokens': 0}}, 'model_name': 'gpt-4o-mini-2024-07-18', 'system_fingerprint': None, 'id': 'chatcmpl-BwARuXBtF90Zd3dkhqDLzkLsNMjdn', 'service_tier': 'default', 'finish_reason': 'stop', 'logprobs': None}, 'type': 'ai', 'name': None, 'id': 'run--227c51d6-2d88-47c1-b4e9-2f697bfd2730-0', 'example': False, 'tool_calls': [], 'invalid_tool_calls': [], 'usage_metadata': {'input_tokens': 62, 'output_tokens': 201, 'total_tokens': 263, 'input_token_details': {'audio': 0, 'cache_read': 0}, 'output_token_details': {'audio': 0, 'reasoning': 0}}}
2025-07-22-17-48-27|ARTICLE_WRITER|EXPANDER|gpt-4o-mini|0|Agents IA et Créativité Humaine : Collaboration, Pas Compétition|4.39|{'content': "Agents IA et Créativité Humaine : Collaboration, Pas Compétition\n\nL'émergence des agents d'intelligence artificielle (IA) a suscité des débats passionnés sur leur impact sur la créativité humaine. Plutôt que de les percevoir comme des concurrents, il est essentiel de les considérer comme des partenaires potentiels. Les agents IA peuvent analyser d'énormes quantités de données et proposer des idées novatrices, tout en laissant aux humains la capacité d'apporter une touche personnelle et émotionnelle à leurs créations. Ensemble, ils peuvent repousser les limites de l'imagination. Cette synergie entre machines et artistes pourrait ouvrir de nouvelles voies dans divers domaines, de la musique à l'art visuel, transformant ainsi notre compréhension de la créativité elle-même.", 'additional_kwargs': {'refusal': None}, 'response_metadata': {'token_usage': {'completion_tokens': 160, 'prompt_tokens': 63, 'total_tokens': 223, 'completion_tokens_details': {'accepted_prediction_tokens': 0, 'audio_tokens': 0, 'reasoning_tokens': 0, 'rejected_prediction_tokens': 0}, 'prompt_tokens_details': {'audio_tokens': 0, 'cached_tokens': 0}}, 'model_name': 'gpt-4o-mini-2024-07-18', 'system_fingerprint': None, 'id': 'chatcmpl-BwAS5wsDVPq9EurxpWLqc9UGzpESD', 'service_tier': 'default', 'finish_reason': 'stop', 'logprobs': None}, 'type': 'ai', 'name': None, 'id': 'run--c951b5a9-3959-4139-b9f6-12faa9af3082-0', 'example': False, 'tool_calls': [], 'invalid_tool_calls': [], 'usage_metadata': {'input_tokens': 63, 'output_tokens': 160, 'total_tokens': 223, 'input_token_details': {'audio': 0, 'cache_read': 0}, 'output_token_details': {'audio': 0, 'reasoning': 0}}}
