report_date|AGENT_ID|model|temperature|input|output
2025-07-04-17-04-51|EVALUATOR|gpt-4o-mini|0|There are rumors messi will switch from real madrid to FC Barcelona|yes
2025-07-04-17-10-06|EVALUATOR|gpt-4o-mini|0|There are rumors messi will switch from real madrid to FC Barcelona|yes
2025-07-04-17-10-06|EVALUATOR|gpt-4o-mini|0|There are rumors messi will switch from real madrid to FC Barcelona|yes
2025-07-04-17-10-06|EVALUATOR|gpt-4o-mini|0|There are rumors messi will switch from real madrid to FC Barcelona|yes
2025-07-04-17-13-29|EVALUATOR|gpt-4o-mini|0|There are rumors messi will switch from real madrid to FC Barcelona|yes
2025-07-06-16-59-04|AGENT_ID|EVALUATOR|gpt-4o-mini|0|Green enerby is set to rise|no
2025-07-06-16-59-04|AGENT_ID|EVALUATOR|gpt-4o-mini|0|Green enerby is set to rise|no
2025-07-06-17-01-06|AGENT_ID|EVALUATOR|gpt-4o-mini|0|Green enerby is set to rise|no
2025-07-06-17-01-24|AGENT_ID|EVALUATOR|gpt-4o-mini|0|Manchester United have signed a new player from Chelsea FC.|yes
2025-07-06-17-03-22|AGENT_ID|EVALUATOR|gpt-4o-mini|0|Manchester United have signed a new player from Chelsea FC.|yes
